doc_key,empreinte_pseudo,motif
kitsu:665,9e0354558e8be77c,provenance_kitsu
kitsu:1697,0b291e34ec53bc5b,provenance_kitsu
kitsu:1895,b04a508509a4b3cd,provenance_kitsu
kitsu:2871,0b291e34ec53bc5b,provenance_kitsu
kitsu:3250,d46372597e0063f7,provenance_kitsu
kitsu:3257,d46372597e0063f7,provenance_kitsu
kitsu:3291,d46372597e0063f7,provenance_kitsu
kitsu:3529,9e0354558e8be77c,provenance_kitsu
kitsu:4282,0b291e34ec53bc5b,provenance_kitsu
kitsu:4351,3d1d43362cdd96c2,provenance_kitsu
kitsu:4427,9e0354558e8be77c,provenance_kitsu
kitsu:4437,0b291e34ec53bc5b,provenance_kitsu
kitsu:4487,d46372597e0063f7,provenance_kitsu
kitsu:5436,0b291e34ec53bc5b,provenance_kitsu
kitsu:6056,0b291e34ec53bc5b,provenance_kitsu
kitsu:6636,0b291e34ec53bc5b,provenance_kitsu
kitsu:6992,5b0e1ceb3173b8ff,provenance_kitsu
kitsu:7160,9e0354558e8be77c,provenance_kitsu
kitsu:7349,9e0354558e8be77c,provenance_kitsu
kitsu:7894,0b291e34ec53bc5b,provenance_kitsu
kitsu:8982,0b291e34ec53bc5b,provenance_kitsu
kitsu:8992,9e0354558e8be77c,provenance_kitsu
kitsu:9062,9e0354558e8be77c,provenance_kitsu
kitsu:9855,3d1d43362cdd96c2,provenance_kitsu
kitsu:9893,0b291e34ec53bc5b,provenance_kitsu
kitsu:10706,5b0e1ceb3173b8ff,provenance_kitsu
kitsu:11010,0b291e34ec53bc5b,provenance_kitsu
kitsu:11016,0b291e34ec53bc5b,provenance_kitsu
kitsu:11159,0b291e34ec53bc5b,provenance_kitsu
kitsu:11295,9e0354558e8be77c,provenance_kitsu
kitsu:12498,9e0354558e8be77c,provenance_kitsu
kitsu:14103,9e0354558e8be77c,provenance_kitsu
kitsu:15137,0b291e34ec53bc5b,provenance_kitsu
kitsu:15176,0b291e34ec53bc5b,provenance_kitsu
kitsu:15709,3d1d43362cdd96c2,provenance_kitsu
kitsu:16266,0b291e34ec53bc5b,provenance_kitsu
kitsu:17013,b04a508509a4b3cd,provenance_kitsu
kitsu:18159,3d1d43362cdd96c2,provenance_kitsu
kitsu:19192,d46372597e0063f7,provenance_kitsu
kitsu:19780,3d1d43362cdd96c2,provenance_kitsu
kitsu:19821,d46372597e0063f7,provenance_kitsu
kitsu:20519,0b291e34ec53bc5b,provenance_kitsu
kitsu:20619,d46372597e0063f7,provenance_kitsu
kitsu:20635,0b291e34ec53bc5b,provenance_kitsu
kitsu:20767,9e0354558e8be77c,provenance_kitsu
kitsu:21527,0b291e34ec53bc5b,provenance_kitsu
kitsu:21746,3d1d43362cdd96c2,provenance_kitsu
kitsu:22082,fedc7e6dfe5824dc,provenance_kitsu
kitsu:22131,0b291e34ec53bc5b,provenance_kitsu
kitsu:22153,d46372597e0063f7,provenance_kitsu
kitsu:22239,d46372597e0063f7,provenance_kitsu
kitsu:23232,0b291e34ec53bc5b,provenance_kitsu
kitsu:23302,0b291e34ec53bc5b,provenance_kitsu
kitsu:23500,73c2f6e29ae46320,provenance_kitsu
kitsu:24058,73c2f6e29ae46320,provenance_kitsu
kitsu:24173,9e0354558e8be77c,provenance_kitsu
kitsu:25008,3d1d43362cdd96c2,provenance_kitsu
kitsu:25596,9e0354558e8be77c,provenance_kitsu
kitsu:25726,0b291e34ec53bc5b,provenance_kitsu
kitsu:25958,9e0354558e8be77c,provenance_kitsu
kitsu:26536,0b291e34ec53bc5b,provenance_kitsu
kitsu:26787,0b291e34ec53bc5b,provenance_kitsu
kitsu:27663,9e0354558e8be77c,provenance_kitsu
kitsu:28298,0b291e34ec53bc5b,provenance_kitsu
kitsu:29588,3d1d43362cdd96c2,provenance_kitsu
kitsu:30432,0b291e34ec53bc5b,provenance_kitsu
kitsu:31032,0b291e34ec53bc5b,provenance_kitsu
kitsu:32720,0b291e34ec53bc5b,provenance_kitsu
kitsu:33160,3d1d43362cdd96c2,provenance_kitsu
kitsu:33209,d46372597e0063f7,provenance_kitsu
kitsu:34820,0b291e34ec53bc5b,provenance_kitsu
kitsu:34877,0b291e34ec53bc5b,provenance_kitsu
kitsu:36400,0b291e34ec53bc5b,provenance_kitsu
kitsu:36442,0b291e34ec53bc5b,provenance_kitsu
kitsu:36788,0b291e34ec53bc5b,provenance_kitsu
kitsu:37609,0b291e34ec53bc5b,provenance_kitsu
kitsu:37680,0b291e34ec53bc5b,provenance_kitsu
kitsu:39163,9e0354558e8be77c,provenance_kitsu
kitsu:57070,0b291e34ec53bc5b,provenance_kitsu
kitsu:57901,9e0354558e8be77c,provenance_kitsu
kitsu:57910,0b291e34ec53bc5b,provenance_kitsu
kitsu:58215,0b291e34ec53bc5b,provenance_kitsu
kitsu:59283,9e0354558e8be77c,provenance_kitsu
kitsu:60646,0b291e34ec53bc5b,provenance_kitsu
kitsu:60807,9e0354558e8be77c,provenance_kitsu
kitsu:61465,b04a508509a4b3cd,provenance_kitsu
kitsu:61493,9e0354558e8be77c,provenance_kitsu
kitsu:61586,0b291e34ec53bc5b,provenance_kitsu
kitsu:62525,9e0354558e8be77c,provenance_kitsu
kitsu:62763,9e0354558e8be77c,provenance_kitsu
kitsu:63086,9e0354558e8be77c,provenance_kitsu
kitsu:63231,9e0354558e8be77c,provenance_kitsu
kitsu:63958,9e0354558e8be77c,provenance_kitsu
kitsu:64473,9e0354558e8be77c,provenance_kitsu
kitsu:65581,0b291e34ec53bc5b,provenance_kitsu
kitsu:65685,b04a508509a4b3cd,provenance_kitsu
kitsu:67387,9e0354558e8be77c,provenance_kitsu
kitsu:67411,9e0354558e8be77c,provenance_kitsu
kitsu:67723,0b291e34ec53bc5b,provenance_kitsu
kitsu:67921,9e0354558e8be77c,provenance_kitsu
kitsu:70150,b04a508509a4b3cd,provenance_kitsu
kitsu:70514,0b291e34ec53bc5b,provenance_kitsu
kitsu:71370,9e0354558e8be77c,provenance_kitsu
kitsu:71406,9e0354558e8be77c,provenance_kitsu
kitsu:71653,9e0354558e8be77c,provenance_kitsu
kitsu:72250,9e0354558e8be77c,provenance_kitsu
kitsu:72505,0b291e34ec53bc5b,provenance_kitsu
kitsu:72951,9e0354558e8be77c,provenance_kitsu
kitsu:73032,9e0354558e8be77c,provenance_kitsu
kitsu:73264,9e0354558e8be77c,provenance_kitsu
kitsu:73540,fedc7e6dfe5824dc,provenance_kitsu
kitsu:73634,9e0354558e8be77c,provenance_kitsu
kitsu:74467,9e0354558e8be77c,provenance_kitsu
kitsu:74978,9e0354558e8be77c,provenance_kitsu
kitsu:75569,0b291e34ec53bc5b,provenance_kitsu
kitsu:75580,9e0354558e8be77c,provenance_kitsu
kitsu:75701,9e0354558e8be77c,provenance_kitsu
kitsu:76065,9e0354558e8be77c,provenance_kitsu
kitsu:76276,9e0354558e8be77c,provenance_kitsu
kitsu:76829,9e0354558e8be77c,provenance_kitsu
kitsu:76916,9e0354558e8be77c,provenance_kitsu
kitsu:76998,9e0354558e8be77c,provenance_kitsu
kitsu:77051,9e0354558e8be77c,provenance_kitsu
kitsu:77406,9e0354558e8be77c,provenance_kitsu
kitsu:77722,9e0354558e8be77c,provenance_kitsu
kitsu:77732,0b291e34ec53bc5b,provenance_kitsu
kitsu:77921,9e0354558e8be77c,provenance_kitsu
kitsu:78607,9e0354558e8be77c,provenance_kitsu
ms_review:28329,5b0e1ceb3173b8ff,lieu_fictif
ms_review:29943,d46372597e0063f7,personnage
ms_review:30002,d46372597e0063f7,personnage
ms_review:30056,d46372597e0063f7,personnage
ms_review:30092,d46372597e0063f7,personnage
ms_review:30230,d46372597e0063f7,personnage
ms_review:30335,d46372597e0063f7,personnage
ms_review:30361,d46372597e0063f7,personnage
ms_review:30404,d46372597e0063f7,personnage
ms_review:30421,d46372597e0063f7,personnage
ms_review:30597,d46372597e0063f7,personnage
ms_review:32779,d46372597e0063f7,personnage
ms_review:32900,9e0354558e8be77c,personnage
ms_review:35800,0b291e34ec53bc5b,mangaka
ms_review:130609,d46372597e0063f7,personnage
ms_review:134230,92fc8f5714d4a760,personnage
ms_review:134305,92fc8f5714d4a760,personnage
ms_review:134329,92fc8f5714d4a760,personnage
ms_review:134420,92fc8f5714d4a760,personnage
ms_review:134468,92fc8f5714d4a760,personnage
ms_review:137232,3d1d43362cdd96c2,mangaka
ms_review:139550,3d1d43362cdd96c2,mangaka
ms_review:140540,4b0e43111fab8afc,personnage
ms_review:141170,92fc8f5714d4a760,personnage
ms_review:141173,92fc8f5714d4a760,personnage
ms_review:153078,9e0354558e8be77c,personnage
ms_review:153116,0b291e34ec53bc5b,personnage
