doc_key,empreinte_pseudo,nature
ms_review:27991,f599f49971be50ef,remerciement
ms_review:28795,9f586aed7cb0ab9a,remerciement
ms_review:30528,88ccbf9cc45f3591,remerciement
ms_review:31343,3d1d43362cdd96c2,remerciement
ms_review:31343,e9feff334cd1e87b,citation
ms_review:32166,3d1d43362cdd96c2,signature
ms_review:32247,3d1d43362cdd96c2,signature
ms_review:32564,3d1d43362cdd96c2,signature
ms_review:32706,3d1d43362cdd96c2,signature
ms_review:32749,3d1d43362cdd96c2,signature
ms_review:32891,3d1d43362cdd96c2,signature
ms_review:34825,2c6f25f6216dbe6d,auto_designation
ms_review:35546,b58932cc55947870,auto_designation
ms_review:36105,fc3df09697fde137,citation
ms_review:36149,9c96cacee5ef5bd1,citation
ms_review:41822,d40fd6995e3b6b6e,collegue
ms_review:133558,06b1ef67677368f1,citation
ms_review:134638,06b1ef67677368f1,collegue
ms_review:141822,d6ccb182d3d7a230,interpellation
ms_review:150237,b04a508509a4b3cd,collegue
