series_id,strate,ms_titre,ms_formes,ms_auteurs,ms_annee,ms_synopsis,ms_url,candidat_type,candidat_id,cand_label,cand_formes,cand_auteurs,cand_annee,cand_contexte,cand_url,signal_auteur,ecart_annee,VERDICT_HUMAIN,NOTES,method,score,cas,AVIS_LLM,CONFIANCE,JUSTIFICATION
742,standard,Get Backers,Get Backers | GetBackers | Get Backers Infinity Fortress | ゲットバッカーズ,Yuya AOKI / Rando AYAMINE,1999,"Ban et Ginji sont deux garçons peu ordinaires : le premier possède “l’œil maléfique” qui provoque d’étranges hallucinations, tandis que le second a le pouvoir de produire de puissantes décharges électriques. À eux deux, ils forment le tandem de choc des GetBackers. Leur devise : ""Ce que l’on vous a volé, nous le récupérons !"" Cette dernière ligne droite de Get Backers avait su, il faut l'avouer, remonter la pente et rendre un certain éclat, si faible soit-il, à la série, ce qui n'est pas peu dire. Ce n'est en effet que depuis quelques tomes seulement que les choses avancent réellement et que l",https://www.manga-sanctuary.com/bdd/manga/742-get-backers/,qid,Q138117,GetBackers,GetBackers | GetBackers: Dakkan'ya | GetBackers-奪還屋-,Hiroaki Igano | Joji Arimori | Ryō Ryūmon | Ryou Ryumon | Ryou Ryuumon | Seimaru Amagi | Shin Kibayashi | Tadashi Agi | Yuma Ando | Yuya Aoki | 亜樹直 | 伊賀大晃 | 天樹征丸 | 安童夕馬 | 有森丈時 | 樹林伸 | 青樹佑夜 | 龍門諒,1999,GetBackers,https://www.wikidata.org/wiki/Q138117,concordant,0,ok,,exact_author,0.97,,same_work,haute,"Le titre, l’année 1999 et surtout l’auteur Yuya Aoki concordent avec GetBackers, dont le synopsis correspond au duo Ban et Ginji."
1365,standard,Orion,Orion | Senjutsu Chokokaku Orion | 仙術超攻殻ＯＲＩＯＮ,Masamune SHIROW / Masamune SHIROW,1991,"Dans un futur ou la technologie est remplacée par les dons psychiques, le pouvoir en place cherche a réveiller le grand dragon a neuf queues et neuf têtes, que l’on appelle le Yamata no orochi. Croyant ainsi contrôler la puissance du naga, le pouvoir veut détruire tout le Karma négatif. Conscient de la folie de ce projet, Maitre Fuzen, chef du clan Fuze, a vole la Dharmaquation qui permet de réveiller le dragon. Attaque par l’empire, il inscrit la Dharmaquation sur le corps de Seska, sa fille, puis fait appel au Dieu Suzanos Orbatos...",https://www.manga-sanctuary.com/bdd/manga/1365-orion/,qid,Q354253,Orion,Orion | Senjutsu Chōkōkaku Orion | Senjutsu Choukoukaku Orion | 仙術超攻殻 ORION | 仙術超攻殻ORION,Masamune Shirô | Masamune Shirow | Masanori Ōta | Masanori Outa | Ota Masanori | Outa Masanori | Shirō Masamune | Shirow Masamune | 士郎正宗,,Orion (manga),https://www.wikidata.org/wiki/Q354253,concordant,,ok,,exact_author,0.97,,same_work,haute,"Les titres japonais concordent et surtout l’auteur Masamune Shirow est identique, ce qui confirme qu’il s’agit de la même œuvre."
1521,standard,MÄR - Märchen Awaken Romance,Mär | Märchen Awaken Romance | MÄR - Märchen Awaken Romance | メル | 魔法世界,Nobuyuki ANZAI / Nobuyuki ANZAI,2003,"Ginta est un lycéen de 14 ans se retrouvant propulsé dans une autre dimension qu’il a souvent vu en rêve... Mär vient de l’allemand ""Märchen"", ""conte de fée. Dernier tome des aventures de Ginta au pays de Mär Heaven. On en apprend davantage, mais de manière assez superficielle, sur les motivations de la Reine, Diana à vouloir conquérir le monde. On rencontre enfin le roi de l’échiquier, qui il est, ses ambitions etc… Jack réalise son rêve de gosse, bref tout est beau et merveilleux, sauf pour…le lecteur ! En effet, cet ultime est bien trop vite exp... Un volume encore placé sous le signe de l'",https://www.manga-sanctuary.com/bdd/manga/1521-mar-marchen-awaken-romance/,qid,Q696524,MÄR,MÄR | Märchen Awakens Romance | MÄR - Märchen Awakens Romance | MÄR - メルヘヴン -,Nobuyuki Anzai | 安西信行 | 安西信行野坂尚史,,MÄR,https://www.wikidata.org/wiki/Q696524,concordant,,ok,,exact_author,0.97,,same_work,haute,"Le titre correspond aux formes japonaises et romanisées du candidat, et surtout l’auteur Nobuyuki Anzai concorde exactement."
1557,standard,Pilgrim Jäger,Pilgrim Jäger | ピルグリム イエーガー,Tow UBUKATA / Mami ITO,2002,"An 1521… Un temps de confusion religieuse… Un temps de persécution pour les hérétiques... Un temps de chaos… Deux femmes se battent au nom de tout ce qui est sacré ! Une détient un étrange bâton de pouvoir de tradition païenne, semblable à celui avec lequel Prométhée déroba le Feu sacré. L'autre avec ses bras bandés manie la magie et semble avoir un terrible secret. Pilgrim Jäger se déroule pendant les luttes religieuses de l’après-Renaissance, en Europe, mêlant un arrière-plan historique, politique, social et religieux précis… à de la pure héroïc-fantasy !",https://www.manga-sanctuary.com/bdd/manga/1557-pilgrim-jager/,kitsu_id,4363,Pilgrim Jager,Pilgrim J | Pilgrim Jager | Pilgrim Joger | ピルグリム・イェーガー,Mami Itoh | Tow Ubukata,2002,manga,https://kitsu.app/manga/4363,concordant,0,ok,,exact_kitsu_author,0.95,auto_k_unique_auteur,same_work,haute,"La concordance des deux auteurs, du titre japonais et de l’année 2002 confirme qu’il s’agit de la même œuvre."
2256,standard,Le Labyrinthe de Morphée,Labyrinth in Arm of Morpheus | Le Labyrinthe de Morphée | Meikyuu Hyakunen no Suima | 迷宮百年の睡魔,Hiroshi MORI / Suzuki YUKA,2005,"Michiru et son compagnon Roidy poursuivent leurs voyages à la recherche des vérités métaphysiques et arrivent sur le Mont St.Jacques. Alors qu’ils sont accueillis par les maîtres des lieux, surviennent de sombres histoires de meurtres. Inévitablement, les deux compères sont considérés comme les principaux suspects. Ils doivent alors tout tenter pour démontrer leur innocence. Une enquête épineuse doublée d’un voyage philosophique surprenant qui tente de répondre aux questions des liens qui unissent le corps et l’âme. Le scénario m'a paru moins clair que dans God Save The Queen mais le style gar",https://www.manga-sanctuary.com/bdd/manga/2256-le-labyrinthe-de-morphee/,kitsu_id,19139,Meikyuu Hyakunen no Suima,Labyrinth in arm of Morpheus | Le Labyrinthe de Morphée | Meikyuu Hyakunen no Suima | 迷宮百年の睡魔,Hiroshi Mori | Yuka Suzuki,2005,manga,https://kitsu.app/manga/19139,concordant,0,ok,,exact_kitsu_author,0.95,auto_k_unique_auteur,same_work,haute,"Les titres, les auteurs Hiroshi Mori et Yuka Suzuki ainsi que l’année 2005 concordent exactement, confirmant qu’il s’agit de la même œuvre."
5214,standard,Yuma à la Conquête du Monde,Sekai Seifuku Monogatari | Yuma à la Conquête du Monde | 世界征服物語,Yukari HIGA / Akira KAMISHIRO,2005,"Yuma Takanashi remporte dans une loterie un mystérieux manuscrit qui la transporte dans un monde étrange. Pas de chance pour la jeune lycéenne : c’est pour ressusciter le Dieu du Mal Delltoria qu’on a fait appel à elle ! Pour l’aider dans sa quête, elle est soutenue par une poignée de monstres aussi mignons (et faibles) les uns que les autres : Andy le squelette, Tylek la fée, Mimi le coffre-fort. Basée dans un château qui tombe en ruines, pourchassée par tous les héros et défenseurs de la justice du coin, Yuma réussira-t-elle à accomplir sa mission et à faire triompher les monstres ? ""Yuma à ",https://www.manga-sanctuary.com/bdd/manga/5214-yuma-a-la-conquete-du-monde/,kitsu_id,21054,Sekai Seifuku Monogatari,Sekai Seifuku Monogatari | Yuma à la conquête du monde | 世界征服物語,Akira Kamishiro | Yukari Higa,2005,manga,https://kitsu.app/manga/21054,concordant,0,ok,,exact_kitsu_author,0.95,auto_k_unique_auteur,same_work,haute,"Le candidat reprend les mêmes titres, les mêmes auteurs Akira Kamishiro et Yukari Higa, ainsi que la même année 2005, ce qui confirme qu’il s’agit de la même œuvre."
6712,standard,Grasshopper,Grasshopper,Kotaro ISAKA / Hiroto IDA,2008,Pas de résumé,https://www.manga-sanctuary.com/bdd/manga/6712-grasshopper/,kitsu_id,2509,Grasshopper,Grasshopper | グラスホッパー,Hiroto Ida | Kotaro Isaka,2008,manga,https://kitsu.app/manga/2509,concordant,0,ok,,exact_kitsu_author,0.95,auto_k_unique_auteur,same_work,haute,"Le titre, les deux auteurs et l’année 2008 concordent exactement avec le candidat Kitsu."
7247,standard,Bimbogami Ga !,Bimbogami Ga ! | Binbougami ga! | 貧乏神が！,Yoshiaki SUKENO / Yoshiaki SUKENO,2008,"Depuis sa naissance, Ichiko Sakura mène une vie facile. Elle est très riche, belle, hyper intelligente, douée dans toutes les disciplines, bref Ichiko à une vie de rêve. Non seulement elle a une chance extraordinaire, mais elle est également capable d’absorber celle des autres... Fait qui a tendance à dérégler considérablement l’équilibre de la chance à l’échelle mondiale. Momiji, déesse de la poisse, s’est donc rendue sur terre pour rétablir l’équilibre ! Quand Ichiko apprend qu’elle deviendra SDF et mère de cinq enfants d’un père Otaku, elle décide de se battre pour conserver sa chance. Une ",https://www.manga-sanctuary.com/bdd/manga/7247-bimbogami-ga/,qid,Q195105,Bimbogami ga!,Bimbogami ga! | Binbō-gami ga! | Binbou-gami ga! | Good Luck Girl! | 貧乏神が!,Yoshiaki Sukeno | 助野嘉昭,,Good Luck Girl!,https://www.wikidata.org/wiki/Q195105,concordant,,ok,,exact_author,0.97,,same_work,haute,"Le titre japonais et les variantes concordent, surtout avec l'auteur Yoshiaki Sukeno explicitement identique."
7374,standard,Sakuratetsu Taiwahen,Sakuratetsu Taiwahen,Ryu FUJISAKI / Ryu FUJISAKI,2002,,https://www.manga-sanctuary.com/bdd/manga/7374-sakuratetsu-taiwahen/,qid,Q11121752,Sakuratetsu Taiwa-hen,Sakuratetsu Taiwa-hen | Sakuratetsu Taiwahen | サクラテツ対話篇,Ryū Fujisaki | Ryuu Fujisaki | フジリュー | プティタキテュー | 藤崎竜,2001,,https://www.wikidata.org/wiki/Q11121752,concordant,1,ok,,exact_author,0.97,,same_work,haute,"Le titre correspond aux formes japonaises et romanisées du candidat, et l’auteur Ryū Fujisaki concorde ; l’écart d’un an s’explique vraisemblablement par les dates de publication référencées."
7471,standard,La vie raffinée de Mr Kayashima,Kayashimashi no Yûga na Seikatsu | La vie raffinée de Mr Kayashima | 茅島氏の優雅な生活,Haruhi TONO / Ellie MAMAHARA,2008,"Monsieur Kayashima est un homme de noble lignée, fortuné et très solitaire. Une nuit de tempête, il se rend chez son jardinier et lui avoue son amour. Ce dernier, offusqué par ces avances brutales, lui donne des ordres cruels, mais M. Kayashima se montre un maître étonnement docile… Découvrez la vie privée et mystérieuse d’un milliardaire et son amour passionné pour son jardinier.",https://www.manga-sanctuary.com/bdd/manga/7471-la-vie-raffinee-de-mr-kayashima/,kitsu_id,2186,Kayashimashi no Yuugana Seikatsu,Kayashimashi no Yuuga na Seikatsu | Kayashimashi no Yuugana Seikatsu | Mr. Kayashima's Graceful Life | 茅島氏の優雅な生活,Ellie Mamahara | Haruhi Tono,2008,manga,https://kitsu.app/manga/2186,concordant,0,ok,,exact_kitsu_author,0.95,auto_k_unique_auteur,same_work,haute,"Le titre japonais, les deux auteurs concordants et l’année 2008 identifient la même œuvre."
8152,standard,Kiken na Hokeni Counselor,Kiken na Hokeni Counselor | 危険な保健医カウンセラー,Haruka MINAMI / Haruka MINAMI,2005,,https://www.manga-sanctuary.com/bdd/manga/8152-kiken-na-hokeni-counselor/,kitsu_id,4239,Kiken na Hokeni Counselor,Kiken na Hokeni Counselor | 危険な保健医カウンセラー,Haruka Minami,2005,manga,https://kitsu.app/manga/4239,concordant,0,ok,,exact_kitsu_author,0.95,auto_k_unique_auteur,same_work,haute,"Le titre japonais et l’auteur Haruka Minami concordent exactement, avec une année de publication identique."
8267,standard,Hosutan e Youkoso,Hosutan e Youkoso | ホス探へようこそ,Makoto TATENO / Makoto TATENO,2008,,https://www.manga-sanctuary.com/bdd/manga/8267-hosutan-e-youkoso/,kitsu_id,18475,Hosutan he Youkoso,Hosutan e Youkoso | Hosutan he Youkoso | Welcome to Hosutan | ホス探へようこそ,Makoto Tateno,2007,manga,https://kitsu.app/manga/18475,concordant,1,ok,,exact_kitsu_author,0.95,auto_k_unique_auteur,same_work,haute,"Le titre japonais, l'auteur Makoto Tateno et l'année de publication très proche concordent, malgré une légère variation de romanisation."
8447,standard,Entre Deux,Entre Deux | Glass no Megami | ガラスの女神,Mizuki ASAMORI / Mizuki ASAMORI,2007,"Keita, un jeune étudiant, a le coeur qui balance entre Honoka et Aya, deux jeunes filles qu'il rencontre par hasard séparément et qui s'avèrent être d'excellentes amies. Si sa préférence semble aller vers la discrète Honoka, il se laisse séduire par l'enthousiasme et le charme de l'adorable Aya. Commence alors un triangle amoureux des plus complexes...",https://www.manga-sanctuary.com/bdd/manga/8447-entre-deux/,kitsu_id,6651,Glass no Megami,Glass no Megami | Goddess of the Glass | ガラスの女神,Mizuki Asamori,2006,manga,https://kitsu.app/manga/6651,concordant,1,ok,,exact_kitsu_author,0.95,auto_k_unique_auteur,same_work,haute,"Le titre japonais « Glass no Megami » et l'auteur concordant Mizuki Asamori identifient la même œuvre, l'écart d'un an étant compatible avec les dates de publication."
8978,standard,Butterfly Beast,Butterfly Beast | Chôjun Gitan | 蝶獣戯譚,Yuka NAGATE / Yuka NAGATE,2010,"En 1635, au tout début de la période d'Edô, les shinobi aux service des grandes seigneurs de jadis se retrouvent désoeuvrés. Certains en profitent pour semer le trouble et menacer la paix encore fragile. Courtisane-star du quartier de Yoshiwara, Ochô fait en réalité partie de ceux chargés de les traquer... et ne recule devant rien pour parvenir à ses fins. Si les mangas d'action avec des ninjas ne manquent pas, le traitement *réaliste* du sujet se veut déjà plus rare. Quoi de plus normal, pour des êtres vivant dans l'ombre ? Du mystère naît l'imagination, où tout devient possible. Et la figure",https://www.manga-sanctuary.com/bdd/manga/8978-butterfly-beast/,qid,Q30894655,,,,,,https://www.wikidata.org/wiki/Q30894655,incomparable,,page wiki existante seulement en italien,,exact_kitsu_author,0.95,auto_k_unique_auteur,undecidable,moyenne,"Le candidat Q30894655 ne fournit ni titre, ni auteur, ni année permettant de confirmer ou d'infirmer son identité avec « Butterfly Beast » de Yuka Nagate."
11348,standard,Shin Kamen Rider Spirits,Shin Kamen Rider Spirits,Shotaro ISHINOMORI / Kenichi MURAEDA,2009,,https://www.manga-sanctuary.com/bdd/manga/11348-shin-kamen-rider-spirits/,kitsu_id,14613,Shin Kamen Rider Spirits,Kamen Rider Spirits 2 | New Masked Rider Spirits | Shin Kamen Rider Spirits | 新仮面ライダーSPIRITS,Kenichi Muraeda | Shoutarou Ishinomori,2009,manga,https://kitsu.app/manga/14613,concordant,0,ok,,exact_kitsu_author,0.95,auto_k_unique_auteur,same_work,haute,"Le titre, les deux auteurs et l’année 2009 concordent exactement entre la série et le candidat."
11518,standard,Harisugawa au pays des miroirs,Harisugawa au pays des miroirs | Kagami no Kuni no Harisugawa | 鏡の国の針栖川,Yasuhiro KANô / Yasuhiro KANô,2011,"Lorsqu'ils étaient enfants, Harisugawa a sauvé la vie de Mao. Depuis, ils sont devenus les meilleurs amis du monde et vont dans le même lycée. Un jour, en passant devant la boutique d'un antiquaire, Mao achète un vieux miroir sans intérêt, mais lorsqu'elle sort du magasin, elle manque de se faire renverser et est sauvée in extremis par Harisugawa qui arrive au bon moment. Cependant, le jeune homme disparaît après son intervention. Alors que Mao le cherche partout, Harisugawa est en fait retenu prisonnier par le vieux miroir et s'il veut en sortir, quelqu'un devra prendre sa place... Après un p",https://www.manga-sanctuary.com/bdd/manga/11518-harisugawa-au-pays-des-miroirs/,qid,Q11651215,Kagami no Kuni no Harisugawa,Kagami no Kuni no Harisugawa | 鏡の国の針栖川,BLACK CITY | Kanô Yasuhiro | TOKYO ANTS | Yasuhiro Kanō | Yasuhiro Kanou | 叶恭弘,2011,,https://www.wikidata.org/wiki/Q11651215,concordant,0,ok,,exact_author,0.97,,same_work,haute,"Le titre japonais concorde exactement et l’auteur Yasuhiro Kanô est identique, avec une année de publication également concordante."
12250,standard,Oui Chef!,Oui Chef!,Araki JOH / Hiyoko KOBAYASHI,2012,,https://www.manga-sanctuary.com/bdd/manga/12250-oui-chef/,kitsu_id,28698,Oui Chef!,Oui Chef! | ウィ シェフ！,Araki Joh | Hiyoko Kobayashi,2011,manga,https://kitsu.app/manga/28698,concordant,1,ok,,exact_kitsu_author,0.95,auto_k_unique_auteur,same_work,haute,"Les auteurs concordent exactement et le titre est identique, tandis que l’écart d’un an s’explique probablement par les dates de publication selon les référentiels."
12315,standard,Docteur Mephisto,Docteur Mephisto | Doctor Mephistopheles | Makai Ishi Mephisto | 魔界医師メフィスト,Hideyuki SAKUCHI / Kairi SHIMOTSUKI,2011,"Le quartier de Shinjuku et ses environs se sont vus couper du reste du monde par la « secousse du diable ». L’endroit s’est transformés en un no man’s land sans foi ni loi où pullulent les monstres en tous genres. Dans cette cité où règne le chaos, une seule règle est de mise : on ne touche pas au docteur du monde des ténèbres ! Or on raconte que c’est dans cette Cité Démon que se trouveraient les « douze organes éternels ». Commence alors une lutte sans merci entre Méphisto, le séduisant docteur du monde des ténèbres, et Megged, un sorcier maléfique qui veut réunir lesdits organes pour ressus",https://www.manga-sanctuary.com/bdd/manga/12315-docteur-mephisto/,kitsu_id,1079,Makai Ishi Mephisto,Doctor Mephistopheles | Hell Doctor Mephisto | Makai Ishi Mephisto | 魔界医師メフィスト,Hideyuki Kikuchi | Kairi Shimotsuki,2011,manga,https://kitsu.app/manga/1079,concordant,0,ok,,exact_kitsu_author,0.95,auto_k_unique_auteur,same_work,haute,"Le titre japonais et romanisé concorde exactement, avec les mêmes auteurs attribués et la même année 2011 ; « SAKUCHI » côté Manga Sanctuary semble être une variation ou erreur pour Hideyuki Kikuchi."
12350,standard,16 Engage,16 Engage,Kaho MIYASAKA / Kaho MIYASAKA,1997,,https://www.manga-sanctuary.com/bdd/manga/12350-16-engage/,kitsu_id,13066,16 Engage,16engage | 16 Engage | Engaged at Sixteen | Sixteen Engage | シックスティーン・エンゲージ,Kaho Miyasaka,1996,manga,https://kitsu.app/manga/13066,concordant,1,ok,,exact_kitsu_author,0.95,auto_k_unique_auteur,same_work,haute,"Le titre concorde et surtout l’auteur Kaho Miyasaka est identique, tandis que l’écart d’un an s’explique vraisemblablement par les dates de publication selon les référentiels."
12606,standard,Into Your Heart through the Door,Aiteru Door kara Shitsurei Shimasu yo | Into Your Heart through the Door | Open The Door To Your Heart | 開いてるドアから失礼しますよ,Yugi YAMADA / Yugi YAMADA,2003,Suite à Close the last door. Cette fois l'histoire est centrée sur les deux grands frères de Kenzou Honda.,https://www.manga-sanctuary.com/bdd/manga/12606-into-your-heart-through-the-door/,kitsu_id,555,Aiteru Door kara Shitsurei Shimasuyo,Aiteru Door kara Shitsurei Shimasuyo | Into Your Heart Through the Door | Open The Door Through Your Heart | Story For Opening The Door | 開いてるドアから失礼しますよ,Yugi Yamada,2003,manga,https://kitsu.app/manga/555,concordant,0,ok,,exact_kitsu_author,0.95,auto_k_unique_auteur,same_work,haute,L’auteur Yugi Yamada concorde et les titres japonais et alternatifs correspondent exactement à l’œuvre publiée en 2003.
13270,standard,Mix,Mix,Mitsuru ADACHI / Mitsuru ADACHI,2012,"L'histoire prend place 26 ans après la fin de Touch. Les 3 héros sont frères et sœurs. Otomi Tachibana (12 ans), Tôma Tachibana (13 ans) et Sôichirô Tachibana (13 ans). Ils sont tout les 3 dans la section collège de la fameuse école Meisei. Otomi rentre en 1ère année, quant aux 2 frères ils sont en 2ème année. Tôma et Sôichirô sont tous deux dans le club de baseball, dans lequel ils officient en tant que titulaires. Sôichirô en tant que receveur et Tôma (malgré un bon lancer) en tant que 3ème base. Le lanceur vedette de ce club est Nikaidô, un 3éme année. L'entraineur se prénomme Kuroyanagi. O",https://www.manga-sanctuary.com/bdd/manga/13270-mix/,qid,Q11231713,Mix,MIX,Adachi Mitsuru | Mitsuru Adachi | あだち充,2012,Mix (manga),https://www.wikidata.org/wiki/Q11231713,concordant,0,ok,,exact_author,0.97,,same_work,haute,"Le titre, l’auteur Mitsuru Adachi, l’année 2012 et le contexte de manga concordent, tandis que le synopsis identifie la suite de Touch connue sous le titre Mix."
13541,standard,Barista,Barista,Rei HANAGATA / Kumi MURONAGA,2010,,https://www.manga-sanctuary.com/bdd/manga/13541-barista/,kitsu_id,320,Barista,Barista | バリスタ,Kumi Muronaga | Rei Hanagata,2009,manga,https://kitsu.app/manga/320,concordant,1,ok,,exact_kitsu_author,0.95,auto_k_unique_auteur,same_work,haute,Les deux auteurs concordent exactement et l'écart d'un an s'explique vraisemblablement par les dates de publication selon les référentiels.
14499,standard,Secret Feelings,Himitsu na Kimi ni Koi wo Shita | Secret Feelings | ヒミツなキミに恋をした,Yukimo HOSHIMORI / Yukimo HOSHIMORI,2012,"Naoto Shizuka est un garçon nonchalant, prompt à l’ennui, au regard décourageant quiconque de l’approcher. Il étudie dans la même classe que Yuu, une jeune fille qui se pose beaucoup de questions à son sujet. Les deux jeunes gens vont commencer à se fréquenter après les cours car ils nourrissent ensemble un joli chat errant. L’amour sera-t-il au rendez-vous malgré les mystères qui entourent Shizuka ? Chronique de la série entière Nouvelle venue aux éditions Soleil, Yukimo Hoshimori débarque en France avec une romance en deux tomes et désormais parue dans son intégralité. Un titre qui",https://www.manga-sanctuary.com/bdd/manga/14499-secret-feelings/,kitsu_id,23833,Himitsu na Kimi ni Koi wo Shita,Himitsu na Kimi ni Koi wo Shita | Secret Feelings | ヒミツなキミに恋をした,Yukimo Hoshimori,2012,manga,https://kitsu.app/manga/23833,concordant,0,ok,,exact_kitsu_author,0.95,auto_k_unique_auteur,same_work,haute,"L’auteur Yukimo Hoshimori concorde, tandis que le titre japonais et l’année 2012 correspondent également exactement."
14613,standard,Parapal,Parapal | Para Paru | パラパル,Takumi ISHIDA / Takumi ISHIDA,2005,"Komaki était une lycéenne ordinaire, jusqu'au jour où elle fait un étrange rêve... Au réveil, la jeune fille constate avec surprise qu'un drôle d'individu s'est installé dans sa tête, et ne cesse de lui parler. Perturbée, Komaki va en plus découvrir que son odorat est désormais surdéveloppé. Et tandis qu'un nouveau monde sensoriel s'ouvre à elle, son quotidien va peu à peu s'effriter. Amitié, amour... et mensonges ! Et si autour d'elle, d'autres camarades étaient aussi parasités ? Un tome éblouissant dans lequel l'histoire fait un véritable bond en avant sur tous les plans ! Les romances s'ent",https://www.manga-sanctuary.com/bdd/manga/14613-parapal/,kitsu_id,19606,Parapal,Parapal | Para Paru | Parasite Pals | パラパル,Takumi Ishida,2005,manga,https://kitsu.app/manga/19606,concordant,0,ok,,exact_kitsu_author,0.95,auto_k_unique_auteur,same_work,haute,"Le titre, l'année et surtout l'auteur Takumi Ishida concordent, confirmant qu'il s'agit de la même œuvre."
15016,standard,Orange lips,Kuchibiru ni suketa orange | Orange lips | くちびるに透けたオレンジ,ROKUROICHI / ROKUROICHI,2010,"Une nouvelle étudiante originaire de Tokyo est transférée dans l’école de Chizuru. Belle et élégante, Kanae va vite s’intégrer à son nouvel établissement et rejoindre le groupe d’amies de celle-ci. Avec le temps, la relation entre les deux jeunes filles va évoluer mais dépassera-t-elle pour autant le stade de la simple amitié ? Chizuru est une jeune lycéenne qui aime secrètement la douce et merveilleuse Kanae. Elles passent toutes leurs journées ensemble, mais pour Chizuru il est impossible de lui parler. Cette dernière fait tout pour ressembler à Kanae en achetant notamment tout ce que possèd",https://www.manga-sanctuary.com/bdd/manga/15016-orange-lips/,kitsu_id,10839,Kuchibiru ni Suketa Orange,A Transparent Orange in the Lip | I Don’t Know if This Is Love | Keep Your Heart Closed | Kokoro | Kore ga Koi nano ka Wakaranai | Kuchibiru ni Suketa Orange | Sunset Orange | Tojitete ne | くちびるに透けたオレンジ,Rokuroichi,2010,manga,https://kitsu.app/manga/10839,concordant,0,ok,,exact_kitsu_author,0.95,auto_k_unique_auteur,same_work,haute,"Le titre japonais/romanisé, l’auteur Rokuroichi et l’année 2010 concordent exactement, confirmant qu’il s’agit de la même œuvre."
15277,standard,tamatama! kingyosou,Tama tama! Kingyosô | tamatama! kingyosou | たまたま！　きんぎょ荘,Konatsu OKANO / Konatsu OKANO,2012,,https://www.manga-sanctuary.com/bdd/manga/15277-tamatama-kingyosou/,kitsu_id,23645,Tamatama! Kingyosou,Tamatama! Kingyosou | Tama Tama! Kingyosou | たまたま! きんぎょ荘,Konatsu Okano,2012,manga,https://kitsu.app/manga/23645,concordant,0,ok,,exact_kitsu_author,0.95,auto_k_unique_auteur,same_work,haute,"Le titre japonais et ses variantes concordent, surtout avec l’auteur Konatsu Okano et l’année 2012, ce qui confirme qu’il s’agit de la même œuvre."
37537,standard,The Pumpkin Prince,Kabocha ouji | The Pumpkin Prince | カボチャ王子,Nozomu HIIRAGI / Nozomu HIIRAGI,2010,"«Ma Dolce. Je suis tombé amoureux de toi!» Shiranui, un voyou un peu bêta, a beau ne pas du tout être intéressé par le théâtre, il veut rentrer dans le club de théâtre du lycée simplement parce que Yôichi, qui l'a fasciné en jouant le rôle de Dolce, en fait partie. Mais, lorsqu'il passe une audition pour y entrer, à la demande de Yôichi, tout le monde est obligé de reconnaître son génie de la scène, et il se retrouve à jouer le rôle du Prince, avec un Yôichi paralysé par le trac en tant que partenaire...",https://www.manga-sanctuary.com/bdd/manga/37537-the-pumpkin-prince/,kitsu_id,8689,Kabocha Ouji,Kabocha Ouji | Kabocha Prince | カボチャ王子,Nozomu Hiiragi,2010,manga,https://kitsu.app/manga/8689,concordant,0,ok,,exact_kitsu_author,0.95,auto_k_unique_auteur,same_work,haute,"L'auteur Nozomu Hiiragi et l'année 2010 concordent, tandis que Kabocha Ouji est la forme romanisée de カボチャ王子 correspondant au titre The Pumpkin Prince."
44248,standard,12 ans,12 ans | 12 sai. | 12歳。,Nao MAITA / Nao MAITA,2012,"Hanabi a douze ans, l’âge où l’on n’est plus une enfant, mais pas encore une adulte, où l’on se rend compte avec embarras qu’on n’a pas encore embrassé un garçon quand on surprend deux de ses professeurs à s’embrasser en cachette, et l’âge où notre amie nous apprend qu’elle a ses règles alors qu’on attend toujours. De son côté, Yui, la meilleure amie d’Hanabi, jeune fille sérieuse et un peu effacée, tombe amoureuse d’un garçon de sa classe qui n’arrête pourtant pas de l’embêter… Le précédent tome fut une bonne surprise, nos petits protégés continuant d'évoluer avec douceur et de nous faire viv",https://www.manga-sanctuary.com/bdd/manga/44248-12-ans/,qid,Q17214606,Age 12,12-sai | 12歳。 | Age 12,Maita Nao | Nao Maita | まいた菜穂 | 米田菜穂 | 蒔田菜穂,,Age 12,https://www.wikidata.org/wiki/Q17214606,concordant,,ok,,exact_author,0.97,,same_work,haute,"Le titre japonais concorde et surtout l’autrice Nao Maita est identique, ce qui confirme qu’il s’agit de la même œuvre."
45517,standard,Kagayaku!! Otoko no Musumejuku,Kagayaku!! Otoko no Musumejuku | Sparkle!! Cross-Dressing Boys Cram School | 煌!!男の娘塾Kagayaku!! Otoko no Nyanjuku,WADAPEN / WADAPEN,2011,"Un garçon devient l'assistant de sa mangaka favorite, mais avec une condition: se travestir.",https://www.manga-sanctuary.com/bdd/manga/45517-kagayaku-otoko-no-musumejuku/,kitsu_id,2257,Kagayaku!! Otoko no Ko Juku,Kagayaku!! Otokonoko Juku | Kagayaku!! Otoko no Ko Juku | Sparkle!! Cross-Dressing Boys Cram School | 煌!!男の娘塾,Wadapen.,2011,manga,https://kitsu.app/manga/2257,concordant,0,ok,,exact_kitsu_author,0.95,auto_k_unique_auteur,same_work,haute,"Le titre japonais et anglais concorde, surtout avec l’auteur identique Wadapen et l’année 2011."
48384,standard,Romantic Memories,Romantic Memories | Sora to Kimi to. | そらときみと。,Yukimo HOSHIMORI / Yukimo HOSHIMORI,2014,"Sora est une jeune fille qui croque la vie à pleines dents. Elle aime passer ses journées avec son groupe d’amis qu’elle fréquente depuis le collège. Pour elle, l’amitié compte plus que tout, même plus que l’école et l’amour! Cependant, elle n’est pas complètement insensible à Hacchi, son meilleur ami toujours perdu dans ses pensées. Il se serait même passé quelque chose entre eux... La nostalgie des bons moments passés avec lui la fera-t-elle craquer à nouveau ? Le premier tome de Romantic Memories ne m'avait pas du tout convaincu, car je trouvais l'héroïne dénuée d'intérêt et t",https://www.manga-sanctuary.com/bdd/manga/48384-romantic-memories/,kitsu_id,26998,Sora to Kimi to.,Junai Joutou!! | Sora to Kimi to. | そらときみと。,Yukimo Hoshimori,2014,manga,https://kitsu.app/manga/26998,concordant,0,ok,,exact_kitsu_author,0.95,auto_k_unique_auteur,same_work,haute,"Le titre japonais « Sora to Kimi to. », l’autrice Yukimo Hoshimori et l’année 2014 concordent exactement."
51360,standard,Boku wa Chikyuu to Utau,Boku wa Chikyuu to Utau | ぼくは地球と歌う 「ぼく地球」次世代編II,Saki HIWATARI / Saki HIWATARI,2015,,https://www.manga-sanctuary.com/bdd/manga/51360-boku-wa-chikyuu-to-utau/,kitsu_id,33561,Boku wa Chikyuu to Utau,Boku wa Chikyuu to Utau,Saki Hiwatari,2015,manga,https://kitsu.app/manga/33561,concordant,0,ok,,exact_kitsu_author,0.95,auto_k_unique_auteur,same_work,haute,"Le titre, l’auteur Saki Hiwatari et l’année 2015 concordent exactement, confirmant qu’il s’agit de la même œuvre."
54632,standard,Sword Art Online - Ordinal Scale,Sword Art Online - Ordinal Scale | ソードアート・オンライン -オーディナル・スケール,Reki KAWAHARA / IS II,2017,"Une nouvelle machine du nom d’Augma permet à ses utilisateurs d’expérimenter la Réalité Augmentée – une superposition d’éléments virtuels dans le monde réel... Cependant, d’anciens boss de SAO apparaissent au sein du jeu le plus utilisé de l’appareil, et les affronter semble provoquer des pertes de mémoires chez les survivants du jeu de mort. Kirito commence alors son enquête et découvre que le numéro deux d’OS n’est autre qu’un ancien survivant de SAO ainsi qu’un proche du professeur Shigemura... Ordinal Scale est une nouvelle série de Sword Art Online. Bien loin du monde originel, nous suivo",https://www.manga-sanctuary.com/bdd/manga/54632-sword-art-online-ordinal-scale/,qid,Q131457213,Sword Art Online: Ordinal Scale,Gekijōban Sword Art Online: Ordinal Scale | Gekijouban Sword Art Online: Ordinal Scale | Sword Art Online: Ordinal Scale | 劇場版 ソードアート・オンライン -オーディナル・スケール-,Kawahara Reki | Reki Kawahara | 九里史生 | 九里 史生 | 川原礫 | 川原 礫 | 攻打引,,,https://www.wikidata.org/wiki/Q131457213,concordant,,ok,,exact_author,0.97,,same_work,haute,"Le titre japonais et surtout l’auteur Reki Kawahara concordent, identifiant la même œuvre Sword Art Online: Ordinal Scale malgré l’absence d’année chez le candidat."
55870,standard,Kakushigoto,Kakushigoto | かくしごと,Kôji KUMETA / Kôji KUMETA,2015,"Goto Kakushi est auteur de manga et père célibataire d’une petite jeune fille, Hime. Dès le début de l'aventure, la jeune Hime découvre fortuitement le métier de son père, auteur de manga populaires bas de gamme. Problème, Goto n’assume pas du tout son métier, peu considéré par ailleurs au Japon. Et ce dernier cherche par tous les moyens à le cacher à sa fille, alors qu’il travaille chez lui. S'ensuit un jeu de cache cache permanent où le père qui se fait passer pour un salaryman basique, mène quasiment une double vie. Problèmes : ses amis, ses fans, l'administration, son édi",https://www.manga-sanctuary.com/bdd/manga/55870-kakushigoto/,qid,Q24875369,Kakushigoto,Kakushigoto | かくしごと,Kōji Kumeta | Kouji Kumeta | 久米田康治,,Kakushigoto,https://www.wikidata.org/wiki/Q24875369,concordant,,ok,,exact_author,0.95,,same_work,haute,"Le titre japonais et surtout l’auteur Kōji Kumeta concordent, ce qui identifie la même œuvre malgré l’année inconnue du candidat."
62148,standard,Kase-san & Yamada,Kase-san et Yamada | Kase-san & Yamada | Yamada to Kase-san | 山田と加瀬さん,Hiromi TAKASHIMA / Hiromi TAKASHIMA,2017,"Suite du manga Kase-san. Nous retrouvons Yamada et Kase-san qui poursuivent leur relation amoureuse maintenant qu'elles sont toutes les deux à l'université. Yamada, toujours aussi fan de fleurs et Kase-san, toujours aussi sportive.",https://www.manga-sanctuary.com/bdd/manga/62148-kase-san-yamada/,qid,Q109541781,Kase-san & Yamada,Kase-san and Yamada | Kase-san et Yamada | Kase-san & Yamada | Yamada to Kase-san | 山田と加瀬さん。,Hiromi Takashima | Takashima Hiromi | 南京ぐれ子 | 高嶋ひろみ,2017,,https://www.wikidata.org/wiki/Q109541781,concordant,0,ok,,exact_author,0.97,,same_work,haute,"Le titre, l’auteur Hiromi Takashima et l’année 2017 concordent exactement, ce qui confirme qu’il s’agit de la même œuvre."
62719,standard,Sarissa of Noctilucent Cloud,Sarissa of Noctilucent Cloud | Yakô kumo no Sarissa | 夜光雲のサリッサ,Miki MATSUDA / KOME,2017,"Shinobu Nabari a l'impression d'être transparente aux yeux de tous, ce qui la fait beaucoup souffrir. Mais un jour, la jeune fille découvre que sa capacité à passer inaperçue intéresse certaines personnes... Elle se retrouve ainsi embarquée dans une lutte opposant l'humanité aux arpenteurs célestes, d'immenses créatures qui vivent cachés dans les plus hautes couches de l'atmosphère terrestre. Sarissa semble vraiment commencer à prendre son envol maintenant que l'ensemble des enfants fireballs est réuni et que la menace est déclarée, alors même si nous sommes dans un tome de transition, la lent",https://www.manga-sanctuary.com/bdd/manga/62719-sarissa-of-noctilucent-cloud/,qid,Q134520763,Yakōun no Sarissa,Yakōun no Sarissa | Yakouun no Sarissa | 夜光雲のサリッサ,Miki Matsuda | 松田未来,,,https://www.wikidata.org/wiki/Q134520763,concordant,,ok,,exact_author,0.97,,same_work,haute,"Le titre japonais identique et l’auteur concordant, Miki Matsuda, confirment qu’il s’agit de la même œuvre."
62863,standard,JK Haru : Sex Worker in Another World,JK Haru : Sex Worker in Another World | JK Haru wa Isekai de Shoufu ni natta | JKハルは異世界で娼婦になった,Ko HIRATORI / J-ta YAMADA,2019,"Haru Koyama, lycéenne tout à fait lambda, va voir sa vie basculer suite à un violent accident. Ce n’est qu’en rouvrant les yeux qu’elle va se rendre compte qu’elle n’est plus du tout chez elle. La voilà projetée dans un autre monde régi par un système patriarcat. Ne possédant aucune stats particulières, la jeune fille se retrouve à devoir travailler au Chat Bleu Nocturne, un bar, aussi connu pour être une maison de passe où chacun peut assouvir ses fantasmes... JK Haru est vendu par Meian éditions comme LE plus atypique des isekai. Et on comprend très vite pourquoi. Après quelques pages avant ",https://www.manga-sanctuary.com/bdd/manga/62863-jk-haru-sex-worker-in-another-world/,qid,Q89776394,JK Haru - Sex Worker in Another World,JK Haru is a Sex Worker in Another World | JK Haru - Sex Worker in Another World | JK Haru wa Isekai de Shofu ni Natta | JK Haru wa Isekai de Shoufu ni Natta | JKハルは異世界で娼婦になった,Hiratori Kō | Hiratori Kou | Kō Hiratori | Kou Hiratori | 平鳥コウ,,,https://www.wikidata.org/wiki/Q89776394,concordant,,ok,,exact_author,0.97,,same_work,haute,"Le titre japonais et les formes alternatives concordent, et surtout l’auteur Hiratori Kō correspond à Ko Hiratori, ce qui confirme qu’il s’agit de la même œuvre."
69298,standard,Adieu Eri,Adieu Eri | Sayonara Eri | さよなら絵梨,Tatsuki FUJIMOTO / Tatsuki FUJIMOTO,2022,"Alors que sa mère est sur le point de mourir, Yuta essaie d'enregistrer ses derniers jours sur son téléphone. Après sa mort, Yuta se dirige vers le toit de l'hôpital pour se suicider mais fait la rencontre d'une étrange jeune fille qui va le convaincre de réaliser un film avec les vidéos qu'il a prises... Adieu Eri, c’est l’histoire de Yûta, un jeune homme qui reçoit un smartphone en guise de cadeau d’anniversaire. Yûta va alors recevoir une demande très particulière, filmer sa mère mourante et l’accompagner ainsi jusqu’à la fin. Il va ensuite en faire un film qu’il va présenter lors du festiv",https://www.manga-sanctuary.com/bdd/manga/69298-adieu-eri/,qid,Q111631438,Adieu Eri,"Adieu Eri | Goodbye, Eri | Sayonara Eri | さよなら絵梨",Fujimoto Tatsuki | Nagayama Koharu | Tatsuki Fujimoto | 藤本 タツキ | 藤本タツキ,2022,"Goodbye, Eri",https://www.wikidata.org/wiki/Q111631438,concordant,0,ok,,exact_author,0.97,,same_work,haute,L'auteur Tatsuki Fujimoto concorde et les titres ainsi que l'année 2022 correspondent à la même œuvre.
72380,standard,Ike! Inachû takkyûbu,Ike! Inachû takkyûbu | 行け! 稲中卓球部,Minoru FURUYA / Minoru FURUYA,1993,,https://www.manga-sanctuary.com/bdd/manga/72380-ike-inachu-takkyubu/,kitsu_id,15556,Ike! Ina-chuu Takkyuubu,800 | Go! Ina Junior High Ping Pong Club | Ike! Ina-chuu Takkyuubu | Panda ga Deta zo | The Ping Pong Club | 行け！稲中卓球部,Minoru Furuya,1993,manga,https://kitsu.app/manga/15556,concordant,0,ok,,exact_kitsu_author,0.95,auto_k_unique_auteur,same_work,haute,"Le titre japonais, l'auteur Minoru Furuya et l'année 1993 concordent exactement entre la série et le candidat."
77223,standard,Les Enfants du pommier,Les Enfants du pommier | Sennen Mannen Ringo no Ko | 千年万年りんごの子,Ai TANAKA / Ai TANAKA,2011,"Abandonné à la naissance et recueilli par un bonze, Yukinojô finit par épouser Asahi et part s’installer chez elle, à Aomori. Dans cette région de pommes où la neige tombe en abondance, il trouvera un certain apaisement au contact de sa belle-famille et du rythme lent des saisons, loin des tumultes de la capitale durant l’ère Shôwa. Mais un jour d’hiver, alors qu’Asahi est alitée, il va commettre sans le savoir un acte irréparable qui va bouleverser le destin du village...",https://www.manga-sanctuary.com/bdd/manga/77223-les-enfants-du-pommier/,kitsu_id,21333,Sennen Mannen Ringo no Ko,Apple Children of Aeon | Sennen Mannen Ringo no Ko | 千年万年りんごの子,Ai Tanaka,2011,manga,https://kitsu.app/manga/21333,concordant,0,ok,,exact_kitsu_author,0.95,auto_k_unique_auteur,same_work,haute,Le titre japonais concorde exactement et l’auteur Ai Tanaka ainsi que l’année 2011 correspondent.
79732,standard,The Marshal King,The Marshal King,BOICHI / BOICHI,2026,"Dans une ère de désolation où les desperados sèment le chaos, un homme traverse seul le désert, traînant derrière lui le cercueil de M. Godspeed, l'invincible hors-la-loi. Son nom est Jim Godspeed, le fils de ""M"". Venu offrir la dépouille de son père, qu'il aurait lui-même tué, Jim proclame qu'il veut devenir marshal ! Mais que renferme le coeur de ce fils de bandit notoire ? La justice ou bien... le mal ? Ne manquez surtout pas cette nouvelle aventure spectaculaire, mêlant steampunk et western, et magistralement dessinée par Boichi ! Résumé éditeurDans un monde dévasté où les hors-la-loi règn",https://www.manga-sanctuary.com/bdd/manga/79732-the-marshal-king/,qid,Q132862583,The Marshal King,The Marshal King,박무직 | Bak Mujik | Boichi | Mu-jik Park | Mujik Park | パク・ムジク | ボウイチ | 朴武直,,The Marshal King,https://www.wikidata.org/wiki/Q132862583,concordant,,ok,,exact_author,0.97,,same_work,haute,"Le titre est identique et l’auteur concorde explicitement sous ses différentes formes, notamment Boichi/Bak Mujik, ce qui confirme qu’il s’agit de la même œuvre."
5896,historique,Unordinary Life,Kanojo iro no kanojo | Unordinary Life | 彼女色の彼女,AOI / Yukari YASHIKI,2007,"Mayu, jeune styliste en herbe fraîchement larguée par son petit ami, se voit obligée de rechercher un nouveau logement… qu’elle ne tarde pas à trouver. Et la voilà qui emménage dans une superbe maison. Mais, alors qu’elle pose à peine ses valises, elle voit un des murs voler littéralement en éclat et se retrouve face à une inconnue. En réalité, la maison est divisée en deux appartements ! C'est ainsi que Mayu fait la connaissance de Yuka Shimizu, jeune fille solitaire qui rêve, malgré son petit gabarit, de devenir championne de free fight. Ces deux fortes personnalités vont faire des étincelle",https://www.manga-sanctuary.com/bdd/manga/5896-unordinary-life/,kitsu_id,20172,Kanojo-iro no Kanojo,Kanojo-iro no Kanojo | Unordinary Life | 彼女色の彼女,Aoi | Yukari Yashiki,2007,manga,https://kitsu.app/manga/20172,concordant,0,ok,,exact_kitsu,0.96,auto_k_historique_confirme,same_work,haute,"Le titre, les formes alternatives, les deux auteurs et l’année 2007 concordent exactement avec le candidat Kitsu."
5922,historique,Bucchou Baby,Bucchou Baby | Tough Love Baby,Shiuko KANO / Shiuko KANO,1995,,https://www.manga-sanctuary.com/bdd/manga/5922-bucchou-baby/,kitsu_id,8070,Bucchou Baby,Bucchou Baby | Tough Love Baby | 仏頂BABY,Shiuko Kano,2006,manga,https://kitsu.app/manga/8070,concordant,-11,ok,,exact_kitsu,0.96,auto_k_historique_confirme,same_work,moyenne,"Le titre, les formes alternatives et l’auteur Shiuko Kano concordent fortement, tandis que l’écart d’année de 11 ans reste compatible avec une divergence de référencement."
5929,historique,Seiryou Saikyou Monogatari,Scandalous Seiryo University | Seiryou Saikyou Monogatari | 星陵最恐物語 | 星陵最恐物語リターンズ | 星陵最恐物語リミテッド | 星陵最恐物語 矢野×石田編,Kazuto TATSUKAWA / Kazuto TATSUKAWA,2003,"Note : Au Japon, les volumes sont considérés comme des one-shots : Volume 1: Seiryou Saikyou Monogatari Volume 2: Seiryou Saikyou Monogatari Returns Volume 3: Seiryou Saikyou Monogatari Limited Volume 4: Seiryou Saikyou Monogatari - Yano x Ishida Hen",https://www.manga-sanctuary.com/bdd/manga/5929-seiryou-saikyou-monogatari/,kitsu_id,10215,Seiryou Saikyou Monogatari,Scandalous Seiryo University | Seiryou Saikyou Monogatari | Seiryou Scariest Tales | Seiryou's Scariest Tales | Serenade | 星陵最恐物語,Kazuto Tatsukawa,2003,manga,https://kitsu.app/manga/10215,concordant,0,ok,,exact_kitsu,0.96,auto_k_historique_confirme,same_work,moyenne,"Le titre japonais, l’auteur Kazuto Tatsukawa et l’année 2003 concordent exactement, même si la source Manga Sanctuary regroupe aussi des suites distinctes."
6302,historique,Electric hands,Electric hands | エレクトリック・ハンズ,Taishi ZAOU / Taishi ZAOU,1998,"D’après ce que je vois, beaucoup d’adolescents de ma classe vivent des choses incroyables. Un camarade a une sorte de courant électrique qui lui parcourt le corps dès qu’il voit de belles mains… comme celles de Takie par exemple ! Tout ce que je peux dire, c’est que ce courant semble lui procurer des sensations agréables. Que se passerait-il s’il se faisait toucher par ces mains ?!",https://www.manga-sanctuary.com/bdd/manga/6302-electric-hands/,kitsu_id,5020,Electric Hands,Brothers Battle | Electric Hands | If Looks Could Kill | Renai Yuugi | エレクトリック・ハンズ,Mikiyo Tsuda,1998,manga,https://kitsu.app/manga/5020,discordant,0,ok,,exact_kitsu,0.96,auto_k_historique_confirme,same_work,haute,"Le titre et l’année concordent, et surtout Mikiyo Tsuda est le pseudonyme de Taishi Zaou, ce qui établit l’identité de l’œuvre."
7615,historique,Tour !,Tour ! | ツール！,Akira ŌTANI / Akira ŌTANI,2009,Hiiro nous entraine dans le milieu du cyclisme sur route dont le père est un ancien champion. Et l'on y suit les aventures de Hiiro. Il va tenter de suivre les traces de son père avec pour objectif : participer au Tour de France.,https://www.manga-sanctuary.com/bdd/manga/7615-tour/,kitsu_id,22037,Tour!,Tour! | ツール!,Akira Ootani,2009,manga,https://kitsu.app/manga/22037,discordant,0,ok,,exact_kitsu,0.96,auto_k_historique_confirme,same_work,haute,"Le titre japonais et romanisé, l’auteur Akira Ōtani et l’année 2009 concordent, ce qui confirme qu’il s’agit de la même œuvre."
7939,historique,Mahô Shôjo Lyrical Nanoha Vivid,Magical Girl Lyrical Nanoha Vivid | Mahô Shôjo Lyrical Nanoha Vivid | 魔法少女リリカルなのはVivid,Masaki TSUZUKI / Takuya FUJIMA,2009,"Continuité de la saga Nanoha, semble prendre place quatre ans après la troisième saison animée StrikerS avec Vivio pour personnage central.",https://www.manga-sanctuary.com/bdd/manga/7939-maho-shojo-lyrical-nanoha-vivid/,kitsu_id,24747,Mahou Shoujo Lyrical Nanoha ViVid,5th Anniversary Collaboration Comic: Fate/stay night x Magical Girl Lyrical Nanoha | Magical Girl Lyrical Nanoha ViVid | Mahou Shoujo Lyrical Nanoha ViVid | 魔法少女リリカルなのはViVid,Masaki Tsuzuki | Takuya Fujima,2009,manga,https://kitsu.app/manga/24747,concordant,0,ok,,exact_kitsu,0.96,auto_k_historique_confirme,same_work,haute,"Le titre japonais et les auteurs Masaki Tsuzuki et Takuya Fujima concordent exactement, ainsi que l'année 2009, ce qui confirme qu'il s'agit de la même œuvre."
8159,historique,Lupin III,Lupin III | Lupin sansei | ルパン三世,Kazuhiko KATō / Kazuhiko KATō,1967,"Lupin est avant tout un cambrioleur, mais aussi un grand séducteur qui ne sait résister aux charmes de la gente féminine.",https://www.manga-sanctuary.com/bdd/manga/8159-lupin-iii/,kitsu_id,988,Lupin the 3rd,Lupin III | Lupin Sansei | Lupin the 3rd | ルパン三世,Monkey Punch,1967,manga,https://kitsu.app/manga/988,discordant,0,Ok ( non d’auteur monkey punch est son pseudo),,exact_kitsu,0.96,auto_k_historique_confirme,same_work,haute,"Les titres, l’année et surtout l’équivalence entre Kazuhiko Katō et son pseudonyme Monkey Punch identifient la même œuvre."
9033,historique,Akuma Game,Akuma Game | 悪魔★ゲーム,Ryo TAKAGI / Ryo TAKAGI,2010,"Un jour, Setsuna fait un pacte avec le diable. Celui-ci peut réaliser le vœu qu'il souhaite le plus. Mais en contrepartie le diable souhaite le corps de Setsuna...",https://www.manga-sanctuary.com/bdd/manga/9033-akuma-game/,kitsu_id,14398,Akuma★Game,Akuma★Game | Devil's Game | 悪魔★ゲーム,Ryo Takagi,2009,manga,https://kitsu.app/manga/14398,concordant,1,ok,,exact_kitsu,0.96,auto_k_historique_confirme,same_work,haute,"Le titre japonais, l'auteur Ryo Takagi et l'année proche concordent, ce qui confirme qu'il s'agit de la même œuvre."
10646,historique,Te no Hira wo Taiyou ni,Te no Hira wo Taiyou ni,,1999,,https://www.manga-sanctuary.com/bdd/manga/10646-te-no-hira-wo-taiyou-ni/,kitsu_id,20142,Te no Hira wo Taiyou ni,Hana mo Arashi mo Fumikoete | Ore-sama to Watashi | Te no Hira wo Taiyou ni | 手のひらを太陽に; 新装版 手のひらを太陽に,Kaneyoshi Izumi,1999,manga,https://kitsu.app/manga/20142,incomparable,0,ok,,exact_kitsu,0.96,auto_k_historique_confirme,same_work,moyenne,"Le titre exact et l’année de publication concordent, sans auteur renseigné côté Manga Sanctuary pour confirmer davantage."
11254,historique,Teens Blues,Teens Blues,Nana HARUTA / Nana HARUTA,2000,,https://www.manga-sanctuary.com/bdd/manga/11254-teens-blues/,kitsu_id,9888,Teens Blues,Ai no Ai no Shirushi | Gokigen da ze! | Sorairo NO. Ao | Sora ni Saku Hana | Teens Blues | ティーンズブルース,Nana Haruta,2000,manga,https://kitsu.app/manga/9888,concordant,0,ok,,exact_kitsu,0.96,auto_k_historique_confirme,same_work,haute,"Le titre, l’auteur Nana Haruta et l’année 2000 concordent exactement entre la série et le candidat."
11723,historique,Woodstock,Woodstock | Wood Stock | ウッドストック,Yukai ASADA / Yukai ASADA,2008,"Découvrez la destinée d'un groupe de jeunes adultes rockeurs, les ""Charlie"". Leurs errances, leurs espoirs, leurs conflits, leurs victoires et la musique en dénominateur commun. Des tensions commencent à apparaitre dans le jeune groupe Charlie. Gaku, le fondateur, semble prêt à tout pour obtenir l’avantage de participer à un festival punk. Mais le reste du groupe ne semble pas être de cet avis. La pseudo-manageuse auto-proclamée ne fait rien pour arranger les choses. Gaku se tourne alors vers un nouvel ami, un certain Yotsuya ! De nouvelles péripéties d’un nouveau genr... Venu pour un simple c",https://www.manga-sanctuary.com/bdd/manga/11723-woodstock/,kitsu_id,13313,Woodstock,Woodstock | Wood Stock | ウッドストック,Yukai Asada,2008,manga,https://kitsu.app/manga/13313,concordant,0,ok,,exact_kitsu,0.96,auto_k_historique_confirme,same_work,haute,"Le titre, les formes connues, l’auteur Yukai Asada et l’année 2008 concordent exactement pour un manga."
11845,historique,Zoids Battle Card Warrior Commander Teru,Zoids Battle Card Senshi Commander Teru | Zoids Battle Card Warrior Commander Teru | Zoids Commander Teru | Zoidsバトルカード戦士 コマンダーTeru,Makoto MIZOBUCHI / Makoto MIZOBUCHI,2001,,https://www.manga-sanctuary.com/bdd/manga/11845-zoids-battle-card-warrior-commander-teru/,kitsu_id,52300,Zoids Battle Card Senshi Commander Teru,Zoids Battle Card Senshi Commander Teru | Zoids Battle Card Warrior Commander Teru | Zoids Commander Teru | ZOIDSバトルカード戦士コマンダーTERU,Makoto Mizobuchi,2001,manga,https://kitsu.app/manga/52300,concordant,0,ok,,exact_kitsu,0.96,auto_k_historique_confirme,same_work,haute,Les titres correspondent et l’auteur Makoto Mizobuchi ainsi que l’année 2001 concordent exactement.
13177,historique,My Pure Lady,My Pure Lady,Chinatsu TOMISAWA / Kaoru HAZUKI,2006,,https://www.manga-sanctuary.com/bdd/manga/13177-my-pure-lady/,kitsu_id,11764,My Pure Lady,My Pure Lady,Chinatsu Tomisawa | Kaoru Hazuki,2007,manga,https://kitsu.app/manga/11764,concordant,-1,ok,,exact_kitsu,0.96,auto_k_historique_confirme,same_work,haute,"Le titre et surtout les auteurs Chinatsu Tomisawa et Kaoru Hazuki concordent, tandis que l'écart d'un an s'explique par les dates de publication ou de référencement."
13724,historique,Kid I Luck,Kid I Luck | Kid I Ruck! | キッド アイ ラック!,Yuko OSADA / Yuko OSADA,2012,"Kinjiro Yaoi est la terreur de son lycée. Bagarreur invétéré et incorrigible tête brûlée, il est du genre à laisser ses poings s’exprimer avec générosité à la moindre occasion. À l’extrême opposé, son amie d’enfance, Kuriko, est la douceur incarnée. Mais peu avant ses 18 ans, une tragédie touche la jeune fille, qui est agressée au retour du lycée… Traumatisée, elle n’a plus la force de retourner en cours et vit enfermée chez elle, complètement coupée du monde extérieur… Kinjiro, de son côté, est rongé par la culpabilité. Lui qui n’a pas été présent pour défendre son amie cherche inlassablement",https://www.manga-sanctuary.com/bdd/manga/13724-kid-i-luck/,kitsu_id,27054,Kid I Ruck!,Kid I Luck! | Kid I Ruck! | キッドアイラック!,Yu-Ko Osada,2012,manga,https://kitsu.app/manga/27054,discordant,0,ok,,exact_kitsu,0.96,auto_k_historique_confirme,same_work,haute,"Le titre japonais et les variantes concordent, l’année est identique et « Yu-Ko Osada » correspond manifestement à la variante typographique de Yuko Osada."
15290,historique,"Sayonara, itoshi no my friend","Sayonara, itoshi no my friend | さよなら、愛しのマイフレンド",ENZô / ENZô,2011,,https://www.manga-sanctuary.com/bdd/manga/15290-sayonara-itoshi-no-my-friend/,kitsu_id,5384,"Sayonara, Itoshi no My Friend","Good-Bye | Goodbye My Dear Friend | If This is Love | Moshi Koi da Toshite | My Dear Friend | Sayonara, Itoshi no My Friend | さよなら、愛しのマイフレンド",Enzou,2011,manga,https://kitsu.app/manga/5384,discordant,0,ok,,exact_kitsu,0.96,auto_k_historique_confirme,same_work,haute,"Le titre japonais et romanisé est identique, et l’auteur Enzou correspond à ENZô malgré une variation de translittération."
15819,historique,Bokura no yukue wa,Bokura no yukue wa | ぼくらのゆくえは,Kana WATANABE / Kana WATANABE,2013,,https://www.manga-sanctuary.com/bdd/manga/15819-bokura-no-yukue-wa/,kitsu_id,27011,Bokura no Yukue wa,Bokura no Yukue wa | Kimi no Sora ni Furu Natsu no Ame | Shinyuu no Mikami-kun. | ぼくらのゆくえは,Kana Watanabe,2010,manga,https://kitsu.app/manga/27011,concordant,3,ok,,exact_kitsu,0.96,auto_k_historique_confirme,same_work,haute,"Le titre japonais concorde et surtout l’autrice Kana Watanabe est identique, l’écart de trois ans pouvant correspondre aux dates de publication selon les référentiels."
15905,historique,Coffee time,Coffee jikan | Coffee time | Kôhî jikan | 珈琲時間,Tetsuya TOYODA / Tetsuya TOYODA,2008,"Dans Coffee Time, Tetsuya Toyoda nous invite à partager l’espace d’un instant la folie et les angoisses des acteurs de son fascinant théâtre moderne. D’Antonio Morelli, réalisateur italien complètement mythomane, aux enquêtes de Yamazaki, détective privé désabusé, en passant par les déboires d’une jeune ado fugueuse, Toyoda s’amuse à nous faire passer du rire aux larmes. Amères, corsées, suaves ou revigorantes, ces 17 nouvelles sont autant de moments de vie à déguster… comme un bon café. « Coffee Time » est un recueil de courtes histoires. Cette collection de chroniques est signée Tetsuya Toyo",https://www.manga-sanctuary.com/bdd/manga/15905-coffee-time/,kitsu_id,22598,Coffee Jikan,Coffee Jikan | Coffee Time | Kōhī Jikan | Koohii Jikan | 珈琲時間,Tetsuya Toyoda,2008,manga,https://kitsu.app/manga/22598,concordant,0,ok,,exact_kitsu,0.96,auto_k_historique_confirme,same_work,haute,"Le titre japonais et l’auteur Tetsuya Toyoda concordent, avec la même année de publication 2008."
41981,historique,Asebi et les aventuriers du ciel,Asebi and Adventurers of SKY WORLD | Asebi et les aventuriers du ciel | Asebi to sora sekai no bôkensha | あせびと空世界の冒険者,Taisuke UMEKI / Taisuke UMEKI,2014,"Dans ce monde, les hommes vivent sur des îles qui flottent au milieu des nuages. Mais les cieux sont aussi le domaine des ""poissons-dragons"", monstres gigantesques hostiles aux humains et à leurs navires… Pour se défendre de leurs attaques, on forme des ""gardiens"", soldats chargés de protéger les citoyens en cas d'assaut. Yû, l'un d'entre eux, a décidé de partir à l'aventure en compagnie d'Asebi, une jeune androïde. Son objectif ? Découvrir l'antique île de Blunt, capitale du légendaire archipel de Voldesia, et écrin de nombreux vestiges de la civilisation humaine à l'époque de son apogée !",https://www.manga-sanctuary.com/bdd/manga/41981-asebi-et-les-aventuriers-du-ciel/,kitsu_id,31969,Asebi to Sora Sekai no Boukensha,Asebi and Adventurers of SKY WORLD | Asebi to Sora Sekai no Boukensha | あせびと空世界の冒険者,Taisuke Umeki,2014,manga,https://kitsu.app/manga/31969,concordant,0,ok,,exact_kitsu,0.96,auto_k_historique_confirme,same_work,haute,"Le titre japonais, l’auteur Taisuke Umeki et l’année 2014 concordent exactement, confirmant qu’il s’agit de la même œuvre."
53309,historique,Our dining table,Bokura no Shokutaku | Our dining table,Ori MITA / Ori MITA,2016,"Yutaka est un jeune salaryman qui a excessivement de mal à tisser des liens avec ses collègues. Très introverti, il se retrouve toujours seul le midi. Un jour, pendant sa pause-déjeuner, il décide d’aller manger dans un parc. Alors qu’il s’apprête à déguster un onigiri, Yutaka se rend compte qu’il est observé par un petit garçon. Rapidement rejoint par le grand frère de ce dernier, il ne sait comment réagir face à cet atypique duo qui va bouleverser son quotidien. Désormais, notre salaryman partagera ses repas avec Tane et Minoru. Grâce à ces moments de convivialité, il s’ouvrira ainsi un peu ",https://www.manga-sanctuary.com/bdd/manga/53309-our-dining-table/,kitsu_id,47698,Bokura no Shokutaku,Bokura no Shokutaku | Our Dining Table | 僕らの食卓,Ori Mita,2015,manga,https://kitsu.app/manga/47698,concordant,1,ok,,exact_kitsu,0.96,auto_k_historique_confirme,same_work,haute,"La concordance de l’auteur Ori Mita et des titres Bokura no Shokutaku/Our Dining Table, avec un écart d’année mineur, confirme qu’il s’agit de la même œuvre."
61566,historique,Jumbo Max,Jumbo Max,Tsutomu TAKAHASHI / Tsutomu TAKAHASHI,2020,"Tateo Sone est un banal pharmacien qui a une vie heureuse avec sa belle-fille et sa femme. Cette dernière vient d’ailleurs de tomber enceinte… Mais ça ne colle pas : son mari est impuissant depuis toujours ! Déboussolé, Tateo rencontre alors Sumaoka, un homme pas très net qui lui propose une pilule illégale pour lutter contre son problème. C’est la révélation ! Notre pharmacien décide à tout prix de reproduire ce médicament. Sumaoka et Tateo entreprennent alors d’étudier le précieux remède dans un laboratoire. Mais se lancer dans un tel trafic va faire basculer leurs vies dans un quotidien pon",https://www.manga-sanctuary.com/bdd/manga/61566-jumbo-max/,kitsu_id,70838,JUMBO MAX,JUMBO MAX | ジャンボマックス,,2020,manga,https://kitsu.app/manga/70838,incomparable,0,ok,,exact_kitsu,0.96,auto_k_historique_confirme,same_work,moyenne,"Le titre concorde avec « ジャンボマックス » et l’année de début de publication est identique (2020), sans élément contradictoire malgré l’absence d’auteur renseigné côté Kitsu."
62828,historique,Fushigi no kuni no Arisugawa-san,Fushigi no kuni no Arisugawa-san | ふしぎの国の有栖川さん,Akira OZAKI / Akira OZAKI,2016,,https://www.manga-sanctuary.com/bdd/manga/62828-fushigi-no-kuni-no-arisugawa-san/,kitsu_id,39173,Fushigi no Kuni no Arisugawa-san,Arisugawa-san in wonderland | Fushigi no Kuni no Arisugawa-san | ふしぎの国の有栖川さん,Akira Ozaki,2016,manga,https://kitsu.app/manga/39173,concordant,0,ok,,exact_kitsu,0.96,auto_k_historique_confirme,same_work,haute,"Le titre japonais, l’auteur Akira Ozaki et l’année 2016 concordent exactement entre les deux fiches."
64093,historique,Alma,Alma | アルマ,Shinji MITO / Shinji MITO,2019,"Dans un monde en ruine d’où l’humanité semble avoir été éradiquée, Ray cherche désespérément d’autres survivants sous le regard inquiet de son amie Trice. Lorsqu’un attaquant venu du ciel tente de tuer Ray, Trice s’interpose et révèle au grand jour un secret caché depuis quinze ans... Commence alors pour le jeune homme un long voyage, guidé par les paroles de son amie. PrésentationCe deuxième tome de la série, qui en compte quatre en tout, se centre sur Ray et la commandante Lukyana.La fin du premier tome, nous avait laissés sur notre faim : Ray, qui est le « zéro » – on ne sait pas trop ",https://www.manga-sanctuary.com/bdd/manga/64093-alma/,kitsu_id,56912,Alma,Alma | Alma (Shinji Mito) | Aruma | アルマ,,2019,manga,https://kitsu.app/manga/56912,incomparable,0,ok,,exact_kitsu,0.96,auto_k_historique_confirme,same_work,moyenne,"Le titre japonais アルマ, l’année 2019 et la forme « Alma (Shinji Mito) » concordent avec la série de Manga Sanctuary, malgré l’absence d’auteur renseigné dans Kitsu."
65069,historique,Blanc,Blanc | ブラン,Asumiko NAKAMURA / Asumiko NAKAMURA,2018,"Sajô Rihito et Kusakabe Hikaru ont symboliquement échangé des anneaux à leurs vingt ans, comme ils se l'étaient promis. Mais Sajô arrive en fin de licence et commence à douter de l'avenir. Que va-t-il faire de sa vie ? Sa relation avec Kusakabe est-elle seulement viable dans un pays où ils n'ont même pas le droit de devenir une famille ? Et Kusakabe, lui, s'éloigne chaque jour un peu plus, prisonnier des kilomètres qui les séparent. Leur amour est-il encore envisageable, dans ce monde d'adultes qui les dévore peu à peu ?",https://www.manga-sanctuary.com/bdd/manga/65069-blanc/,kitsu_id,52848,blanc,blanc | ブラン,,2018,manga,https://kitsu.app/manga/52848,incomparable,0,ok,,exact_kitsu,0.96,auto_k_historique_confirme,same_work,haute,"Le titre japonais ブラン, l’année 2018 et le synopsis correspondent à l’œuvre « Blanc » d’Asumiko Nakamura, tandis que l’auteur du candidat est seulement inconnu."
65548,historique,Mood indigo,Indigo no Kibun | Mood indigo | インディゴの気分,Maki MARUKIDO / Maki MARUKIDO,2016,"Alors que Kuzumi se retrouve séparé de son écrivain adoré, Kido nous emmène avec lui dans ses souvenirs pour nous conter sa propre histoire avec Kijima. Au fil de ses pensées, il nous révèle comment de simples retrouvailles de camarades de fac ont pu le mener à une carrière d'écrivain de romans pornographiques... Cette préquelle à Pornographer répondra à toutes vos interrogations sur Kijima, Kido et Kuzumi, décidément un trio pas comme les autres !",https://www.manga-sanctuary.com/bdd/manga/65548-mood-indigo/,kitsu_id,47123,Indigo no Kibun,인디고의 기분 | Indigo no Kibun | Mood Indigo | インディゴの気分 | 深蓝色心情 | 靛蓝色的心情,Maki Marukido,2016,manga,https://kitsu.app/manga/47123,concordant,0,ok,,exact_kitsu,0.96,auto_k_historique_confirme,same_work,haute,"L’auteur Maki Marukido, le titre correspondant et l’année 2016 concordent exactement, confirmant qu’il s’agit de la même œuvre."
76339,historique,Azumanga Recycle,Azumanga Recycle | あずまんがリサイクル,Kiyohiko AZUMA / Kiyohiko AZUMA,2001,,https://www.manga-sanctuary.com/bdd/manga/76339-azumanga-recycle/,kitsu_id,9537,Azumanga - Recycle,Azumanga - Recycle | あずまんがリサイクル,Kiyohiko Azuma,2001,manga,https://kitsu.app/manga/9537,concordant,0,ok,,exact_kitsu,0.96,auto_k_historique_confirme,same_work,haute,"Le titre japonais, l’auteur Kiyohiko Azuma et l’année 2001 concordent, confirmant qu’il s’agit de la même œuvre."
15131,score_bas,Tales of Berseria,Tales of Berseria | テイルズ オブ ベルセリア,Nobu AONAGI,2016,"Dans un monde gangréné par les démons, Velvet Crowe est une grande sœur aimante, dévouée à son frère malade Laphicet. Mais tout change pour elle un soir de lune rouge, quand un sacrifice pour empêcher la destruction de son village transforme la jeune femme en monstre. Emprisonnée loin de toute civilisation, Velvet a perdu toute humanité et n’est plus motivée que par un seul objectif : se venger de celui qui a détruit sa vie. Et lorsqu’une alliée inattendue l’aide à s’évader, son plan désespéré va enfin pouvoir se mettre en branle. Aux côtés de parias et autres marginaux hauts en couleur, elle ",https://www.manga-sanctuary.com/bdd/manga/15131-tales-of-berseria/,kitsu_id,46249,Tales of Berseria,Tales of Berseria | テイルズ オブ ベルセリア,Nobu Aonagi,2016,manga,https://kitsu.app/manga/46249,concordant,0,ok,,exact_kitsu_author,0.93,auto_k_multi_auteur,same_work,haute,"Le titre, l’auteur Nobu Aonagi, l’année 2016 et le contexte manga concordent exactement entre les deux notices."
15299,score_bas,Danshi hanayakanare,Danshi hanayakanare | 男子　華やかなれ,,2011,,https://www.manga-sanctuary.com/bdd/manga/15299-danshi-hanayakanare/,kitsu_id,26384,Danshi Hanayakanare,Danshi Hanayakanare | Otokonoko Hanayaka nare | 男子 華やかなれ,Levin Aoi,2011,manga,https://kitsu.app/manga/26384,incomparable,0,ok,,exact_kitsu,0.9,auto_k_unique_annee,same_work,haute,"Le titre japonais exact et l’année 2011 concordent, et le candidat correspond au manga référencé malgré l’auteur absent côté Manga Sanctuary."
42426,score_bas,"Barbara, l'entre-deux-mondes","Barbara | Barbara Ikai | Barbara, l'entre-deux-mondes | Otherworld Barbara | バルバラ異界 | 沉睡的秘境",Moto HAGIO / Moto HAGIO,2003,"Cela fait sept ans que, depuis un certain évènement, la jeune Aoba est plongée dans un profond sommeil et qu’elle vit dans un monde de rêves. Tokio Wataraï est un guide des rêves, et en tant que tel, il est se voit attribuer la mission de pénétrer dans l’esprit de l’adolescente. Dans ses songes, elle est encore enfant et mène une vie parfaite, dans un cadre idyllique, sur l’île de Barbara… Mais cette île ressemble étonnamment à une création de Kiriya, son propre fils, dont il n’a plus de nouvelles. En enquêtant sur le coma de la jeune fille, Wataraï pourrait bien être obligé de se confronter à",https://www.manga-sanctuary.com/bdd/manga/42426-barbara-l-entre-deux-mondes/,kitsu_id,17444,Barbara Ikai,Barbara Ikai | Otherworld Barbara | The Island of Barbara | バルバラ異界,Moto Hagio,2003,manga,https://kitsu.app/manga/17444,concordant,0,ok,,exact_kitsu_author,0.93,auto_k_multi_auteur,same_work,haute,"Le candidat reprend les titres alternatifs et l’auteur Moto Hagio, avec la même année de publication 2003, ce qui confirme qu’il s’agit de la même œuvre."
50675,score_bas,Crush on you!,Bonnô puzzle - Crush on you! | Crush on you! | 煩悩パズル - Crush on you!,Chihiro KAWAKAMI / Chihiro KAWAKAMI,2014,"Otowa Tatsushi sort dune triste rupture. Alors quelle sétait beaucoup investie émotionnellement, son petit-ami a préféré mettre fin à leur relation afin de garder sa liberté. Depuis, elle se tient à lécart des garçons. Mais le destin joue parfois des tours inattendus. Elle va se rapprocher de Narazaki, plutôt beau garçon, mais très franc et manquant un peu de finesse. Les ennuis peuvent commencer",https://www.manga-sanctuary.com/bdd/manga/50675-crush-on-you/,kitsu_id,34147,Bonnou Puzzle,Bonnou Puzzle | Crush On You! | Love Fighter | Worldly Desires Puzzle | 煩悩パズル,Chihiro Kawakami,2014,manga,https://kitsu.app/manga/34147,concordant,0,ok,,exact_kitsu_author,0.93,auto_k_multi_auteur,same_work,haute,"L’auteur Chihiro Kawakami concorde, et les titres ainsi que l’année 2014 correspondent également."
57475,score_bas,Les chaventures de Taï et Mamie Sue,Les chaventures de Taï et Mamie Sue | Sue to Tai-chan,Kanata KONAMI / Kanata KONAMI,2017,"Taï, un petit chaton joueur, débarque soudain dans la maison de Sue, une mamie chat paisible qui va très vite s’apercevoir qu’elle ne peut pas quitter ce petit polisson des yeux une seule seconde. La cohabitation s’annonce mouvementée et Sue peut dire adieu à sa vie tranquille ! ﻿﻿La première chose qui me vient à l'esprit lorsque j'ai ce quatrième volume des CHAventures de Taï & Mamie Sue (Nobi Nobi !), c'est que ça ferait un magnifique cadeau au pied du sapin pour les plus de six ans. Effectivement, cette série permet non seulement à ceux qui ont suivi les péripéties du petit Chi (Glénat) de ",https://www.manga-sanctuary.com/bdd/manga/57475-les-chaventures-de-tai-et-mamie-sue/,kitsu_id,62671,Sue to Tai-chan,SueTai | Sue & Tai-chan | Sue to Tai-chan | スーと鯛ちゃん,,2017,manga,https://kitsu.app/manga/62671,incomparable,0,ok,,exact_kitsu,0.9,auto_k_unique_annee,same_work,haute,"Le titre japonais/romanisé exact « Sue to Tai-chan » et l’année 2017 correspondent au même manga, malgré l’absence d’auteur renseigné côté Kitsu."
57606,score_bas,Jeune Dragon recherche appartement ou donjon,"Dragon Goes House-Hunting | Dragon, ie wo kau. | Dragon's House-Hunting | Jeune Dragon recherche appartement ou donjon | ドラゴン、家を買う。",Kawo TANUKI / Aya CHOCO,2016,"Letty, jeune dragon oisif et pleutre, est chassé de son clan en raison de son incompétence. L'héroïsme lui étant parfaitement étranger, il cherche un foyer où se mettre en sécurité. Il rencontre alors un elfe, agent immobilier, qui va lui faire visiter de nombreux biens, comme des donjons lugubres ou des manoirs hantés. Il faut faire vite, de nombreux héros sont à la recherche de dragons ! « Jeune Dragon recherche appartement ou donjon » est un ovni dans le paysage du manga, car, ce monstre n'est pas ici un être puissant, mais, plutôt un pleurnicheur. De plus, il doit sans cesse visiter des li",https://www.manga-sanctuary.com/bdd/manga/57606-jeune-dragon-recherche-appartement-ou-donjon/,qid,Q85757611,Jeune Dragon recherche Appartement ou Donjon,"Dragon Goes House-Hunting | Dragon, Ie o Kau. | Dragon, Ie wo Kau. | Jeune Dragon recherche Appartement ou Donjon | ドラゴン、家を買う。",,2016,Dragon Goes House-Hunting,https://www.wikidata.org/wiki/Q85757611,incomparable,0,ok,,exact,0.93,,same_work,moyenne,"Les titres japonais et internationaux ainsi que l’année 2016 concordent exactement, mais l’auteur du candidat est inconnu et ne permet pas une confirmation indépendante."
58727,score_bas,Un petit ami trop parfait ?,Miniamaru Kareshi | Un petit ami trop parfait ? | みにあまる彼氏,Mizuki HOSHINO / Mizuki HOSHINO,2018,"À 16 ans, Iroha n'a encore jamais connu le sentiment amoureux. Un jour, elle fait la connaissance de Haruki Kusakabe, un camarade de classe, qui déclare avec amertume que l'amour est vain. Le garçon a déjà eu plusieurs petites amies par le passé et sa dernière histoire s'est mal terminée... Très vite, Iroha se rend compte qu'elle est amoureuse de lui... et réciproquement, car Haruki n'est pas insensible à son charme. La déclaration d'amour faite, les voilà ensemble, en couple ! Haruki semble parfait à tous les niveaux, mais c'est loin d'être le cas. Jalousie, quand tu nous tiens... Ça y est, j",https://www.manga-sanctuary.com/bdd/manga/58727-un-petit-ami-trop-parfait/,kitsu_id,55188,Miniamaru Kareshi,Miniamaru Kareshi | みにあまる彼氏,,2018,manga,https://kitsu.app/manga/55188,incomparable,0,ok,,exact_kitsu,0.9,auto_k_unique_annee,same_work,moyenne,"Les titres japonais et romanisé ainsi que l’année 2018 correspondent exactement, et aucun élément ne contredit l’œuvre malgré l’auteur inconnu côté Kitsu."
59580,score_bas,Le Dragon et la Nonne,Le Dragon et la Nonne | Mamono-tachi wa Katazukerarenai | 魔物たちは片付けられない,Yuya TAKANO / Yuya TAKANO,2018,"Offerte en sacrifice par son village au puissant dragon de la région, la jeune soeur Clara a toutefois droit à un dernier voeu. Le saurien ne peut cacher sa surprise lorsqu’elle demande à être dévorée dans une habitation saine et propre. Le dragon découvre ainsi le pouvoir du « ménage » ! Sous la tutelle experte de Clara, il entreprend alors de nombreux aménagements afin de rendre plus cozy son antre. Épargnée (temporairement), la jeune femme va alors diffuser son savoir auprès des autres créatures... Après un premier tome étonnant, on se demande où peut bien nous emmener ce manga sur les bien",https://www.manga-sanctuary.com/bdd/manga/59580-le-dragon-et-la-nonne/,kitsu_id,54921,Mamono-tachi wa Katazukerarenai,Mamono Tachi ha Kattadzuke Rarenai | Mamono-tachi wa katadzuke rarenai | Mamono-tachi wa Katazukerarenai | Mamonotachi wa Katazuke Rarenai | Monsters Can't Clean | 魔物たちは片付けられない | 魔物们不会打扫,,2018,manga,https://kitsu.app/manga/54921,incomparable,0,ok,,exact_kitsu,0.9,auto_k_unique_annee,same_work,haute,Le titre japonais exact « 魔物たちは片付けられない » et l’année 2018 concordent entre la série et le candidat.
61194,score_bas,Pari no Koibitotachi,Pari no Koibitotachi | パリの恋人たち,Nami AKIMOTO / Nami AKIMOTO,2008,,https://www.manga-sanctuary.com/bdd/manga/61194-pari-no-koibitotachi/,kitsu_id,21326,Paris no Koibitotachi,Lovers in Paris | Paris Lovers | Paris no Koibitotachi | パリの恋人たち,,2008,manga,https://kitsu.app/manga/21326,incomparable,0,ok,,exact_kitsu,0.9,auto_k_unique_annee,same_work,moyenne,"Le titre japonais et l’année 2008 concordent exactement, mais l’auteur Nami Akimoto est inconnu côté Kitsu et ne permet donc pas une confirmation forte."
64343,score_bas,Comme les autres,Comme les autres | Futsuuna Bokurano | ふつうな僕らの,Nojin YUKI / Nojin YUKI,2019,"La devise de Tsubaki, c’est vivre comme son cœur le lui dicte. C’est pourquoi lorsqu’elle fait la connaissance d’un garçon taiseux et mystérieux en ramassant l’abonnement de train qu’il a fait tomber, elle écoute son cœur qui lui dit « ce garçon m’attire ». Suivant sa devise, Tsubaki fait tout pour retrouver d’Ibuki et va d’emblée lui déclarer ses sentiments. Dans une lettre qu’elle lui laisse à ce moment, elle lui décrit son souhait de vivre une histoire d’amour heureuse et ordinaire avec lui. Sauf que Tsubaki ne sait pas encore qu’Ibuki est malentendant. Qu’il ne peut pas lui offrir une hist",https://www.manga-sanctuary.com/bdd/manga/64343-comme-les-autres/,kitsu_id,58564,Futsuu na Bokura no,Futsuu na Bokura no | Sıradan Bizlerin | ふつうな僕らの | 普通的我们,,2019,manga,https://kitsu.app/manga/58564,incomparable,0,ok,,exact_kitsu,0.9,auto_k_unique_annee,same_work,moyenne,"Le titre japonais exact « ふつうな僕らの » et l’année 2019 concordent, mais l’absence d’auteur côté candidat empêche une confirmation haute."
65799,score_bas,Endroll Back,Endroll Back | エンドロールバック,KANTETSU / Haruna NAKAZATO,2019,"Suite au suicide de sa soeur Yuka, victime d’intimidation, son frère Asaharu déçut de son comportement fait la rencontre d’un ange. Celui-ci lui propose un marché : trouvez le meurtrier de sa soeur dans les 3 mois afin de permettre sa ressuréction». Mais rien ne se fait sans contrepartie : à chaque erreur, Asaharu verra son espérance de vie diminuer. La vie de sa soeur à t’elle plus de valeur que la sienne? La chasse au criminel démarre !!",https://www.manga-sanctuary.com/bdd/manga/65799-endroll-back/,kitsu_id,71823,End Rollback,엔드롤 백 | Endroll Back | End Rollback | エンドロールバック,,2019,manga,https://kitsu.app/manga/71823,incomparable,0,ok,,exact_kitsu,0.9,auto_k_unique_annee,same_work,moyenne,"Le titre japonais et romanisé identique ainsi que l’année 2019 concordent fortement, sans auteur renseigné pour confirmer davantage."
66588,score_bas,Make Up With Mud,Kao ni Doro o Nuru | Make Up With Mud | 顔に泥を塗る,YOSIKAZU / YOSIKAZU,2020,"Alors qu’elle vient d’avoir vingt-cinq ans, Miku décide de porter plus d’attention à son maquillage… Mais lorsqu’il voit ses lèvres enduites d’un baume rouge écarlate, Haru, avec qui elle sort depuis six ans, la décourage tout de suite, en lui expliquant que les couleurs criardes ne sont pas faites pour elle… Le même jour, Miku est sauvée d’un client un peu trop tactile par une belle jeune femme… qui se révèle être un homme ! Celui-ci l’incite à se maquiller selon ses envies, et non pour répondre aux attentes des autres… Ce qui n’est pas du tout du goût de son compagnon… A l’image de cette cou",https://www.manga-sanctuary.com/bdd/manga/66588-make-up-with-mud/,qid,Q126684872,Kao ni Doro o Nuru,Kao ni Doro o Nuru | Kao ni Doro wo Nuru | 顔に泥を塗る,,2020,,https://www.wikidata.org/wiki/Q126684872,incomparable,0,ok,,exact,0.93,,same_work,moyenne,"Le titre japonais exact « 顔に泥を塗る » et l’année 2020 correspondent, malgré l’absence d’auteur renseigné chez le candidat."
69566,score_bas,Stigmata - les empreintes de la passion,Stigmata - Aikon | Stigmata - les empreintes de la passion | スティグマタ ─愛痕─,Hidebu TAKAHASHI / Hidebu TAKAHASHI,2021,"Asako est membre de la 6e division de la police métropolitaine et il possède un don unique : celui de capter les « pensées résiduelles » des derniers instants d’une personne décédée. Aussi, son travail consiste à se rendre sur les scènes de crimes et de revivre, dans sa chair et son corps, la douleur et les coups subis par les victimes. Mais quand Mari, avocate et ex-femme de son collègue Kuroiwa, est assassinée, l’enquête va prendre une tournure pour le moins compliquée. Les sentiments qu’il ressent envers son collègue sont-ils les siens ou plutôt les vestiges de ceux de la défunte ? Avec un ",https://www.manga-sanctuary.com/bdd/manga/69566-stigmata-les-empreintes-de-la-passion/,kitsu_id,56875,Stigmata - Aikon,Stigmata - Aikon | Stigmata ─Love Marks─ | スティグマタ ─愛痕─,,2019,manga,https://kitsu.app/manga/56875,incomparable,2,ok,,exact_kitsu,0.9,auto_k_unique_annee,same_work,moyenne,"Les titres japonais et alternatifs « Stigmata - Aikon » correspondent, et l’écart de deux ans est compatible avec une sortie française différée, malgré l’auteur absent du candidat."
69825,score_bas,Scar and Romance,Inazuma to Romance | Scar and Romance | 稲妻とロマンス,Rin MIKIMOTO / Rin MIKIMOTO,2021,"Sumire est une lycéenne qui rêve de tomber amoureuse. Le jour de la rentrée, elle se retrouve assise à côté de Leo, un garçon plus âgé qui reprend ses études. De nombreuses rumeurs effrayantes courent sur lui, en raison de son air mystérieux et de la cicatrice qui barre sa joue. Rien ne les aurait poussés l’un vers l’autre si Sumire n’avait pas vu Leo se faire attaquer dans une ruelle. Elle s’interpose sur le champ pour le protéger et, de fil en aiguille, elle apprend progressivement à le connaître. Elle est cependant loin d’imaginer qu’elle n’est pas une inconnue pour ce jeune homme…",https://www.manga-sanctuary.com/bdd/manga/69825-scar-and-romance/,kitsu_id,59097,Inazuma to Romance,Inazuma to Romance | Lightning and Romance | 稲妻とロマンス,,2021,manga,https://kitsu.app/manga/59097,incomparable,0,ok,,exact_kitsu,0.9,auto_k_unique_annee,same_work,haute,"Le titre japonais exact « 稲妻とロマンス », ses équivalents « Inazuma to Romance »/« Lightning and Romance » et l’année 2021 correspondent à la série décrite."
71085,score_bas,Love Hug Therapy,Love Hug Therapy | ラブハグセラピー,TAKA / TAKA,2022,"Cherchant à prendre son indépendance, mais incapable de payer un loyer à lui tout seul, Akitsuki décide de commencer une colocation avec un ami de l'université, Hayase. Tous deux s'entendent très bien, mais ils ont une routine que les amis d'Akitsuki trouvent bien étrange... Tous les jours, Hayase lui réclame des câlins, sous prétexte qu'il est dans en manque d'affection depuis qu'il a laissé son chien chez ses parents ! Akitsuki ne proteste pas, car il apprécie secrètement ces étreintes, mais après une sortie au cinéma à deux, les choses prennent soudainement une tournure très différente...?!",https://www.manga-sanctuary.com/bdd/manga/71085-love-hug-therapy/,kitsu_id,78433,Love Hug Therapy,Love Hug Therapy | ラブハグセラピー,,2021,manga,https://kitsu.app/manga/78433,incomparable,1,ok,,exact_kitsu,0.9,auto_k_unique_annee,same_work,moyenne,"Les titres français et japonais correspondent exactement et l'écart d'un an est compatible avec des dates de publication différentes, mais l'auteur inconnu empêche une confirmation forte."
71408,score_bas,The World's Fastest Level up,Sekai Saisoku no Level Up! | The World's Fastest Level up,Nagato YAMATA / Suzumi ATSUSHI,2021,"Un jeune aventurier solitaire, doté d'un pouvoir en apparence inutile, décide de devenir le plus fort de tous ! Rin dispose d'un pouvoir apparemment peu utile, la téléportation intra-donjon. Alors même que chaque aventurier ne peut se rendre dans un même donjon plus d'une fois par semaine, lui, parvient à détourner son pouvoir et enchaîne ainsi plusieurs fois le même donjon pour monter très vite en niveau. Il décide alors de devenir le plus fort tout en cachant son mystérieux don aux autres aventuriers. Résumé : Au dernier sous-sol du donjon Kenzaki, notre héros Rin se retrouve face à face ave",https://www.manga-sanctuary.com/bdd/manga/71408-the-world-s-fastest-level-up/,kitsu_id,60315,Sekai Saisoku no Level Up,Sekai Saisoku no Level Up | The World's Fastest Level Up | 世界最速のレベルアップ,,2021,manga,https://kitsu.app/manga/60315,incomparable,0,ok,,exact_kitsu,0.9,auto_k_unique_annee,same_work,moyenne,"Les titres japonais et anglais concordent exactement et l’année 2021 correspond, mais l’absence d’auteur dans le candidat empêche une confirmation haute."
72328,score_bas,True Hiiro,Eisen no Lovelock | True Hiiro,Tatsuya SHIHIRA / Tatsuya SHIHIRA,2021,"On suit l'histoire de jumeaux qui aspiraient à « devenir un héros ». Cependant, quelques années plus tard, le plus jeune frère, a brisé son rêve et est devenu ""nettoyeur"" ceux qui passent derrière les héros. Tandis que l'autre est bien devenu un héro. Cependant, lorsqu'il assiste au désespoir de son ami d'enfance, il décide de défier son destin pour la première et dernière fois.",https://www.manga-sanctuary.com/bdd/manga/72328-true-hiiro/,kitsu_id,60039,Eisen no Lovelock,Eisen no Lovelock | Lovelock of Majestic War | 英戦のラブロック,,2021,manga,https://kitsu.app/manga/60039,incomparable,0,ok,,exact_kitsu,0.9,auto_k_unique_annee,same_work,moyenne,"Le titre alternatif exact « Eisen no Lovelock » et l’année de publication concordante en 2021 indiquent qu’il s’agit vraisemblablement de la même œuvre, malgré l’absence d’information sur l’auteur côté Kitsu."
73677,score_bas,Alice in Kyôto forest,Alice in Kyôto forest | Kyôraku no mori no Alice | 京洛の森のアリス,Mai MOCHIZUKI / Haruki NIWA,2019,"Ayant perdu ses parents très jeune, Alice endure depuis des années l'antipathie de l'oncle chez lequel elle vit et rêve de prendre son indépendance. Elle décide un jour de retourner à Kyoto dans l'espoir de devenir apprentie geisha. Mais en huit ans, sa ville natale a bien changé et alors qu'elle erre dans les rues... ses peluches de grenouille et de lapin blanc se mettent à parler ?! Après un premier tome à la jolie atmosphère étrange et brumeuse mais au scénario un peu mince, j'ai été agréablement surprise par cette suite et fin qui a su totalement transformer l'essai.Plus proche pour moi d'",https://www.manga-sanctuary.com/bdd/manga/73677-alice-in-kyoto-forest/,kitsu_id,73769,Kyouraku no Mori no Alice,Alice in Kyoto Forest | Kyouraku no Mori no Alice | 京洛の森のアリス,,2019,manga,https://kitsu.app/manga/73769,incomparable,0,ok,,exact_kitsu,0.9,auto_k_unique_annee,same_work,moyenne,"Les titres japonais et romanisés concordent exactement, ainsi que l’année 2019, ce qui identifie très probablement la même œuvre malgré l’absence d’auteur renseigné côté Kitsu."
75696,score_bas,Monster & Ghost,Monster and Ghost | Monster & Ghost | モンスターアンドゴースト,HIMEMIKO / HIMEMIKO,2022,"Dès le premier jour de son transfert dans un nouveau lycée, Tsubaki Koton attire l'attention en se bagarrant. Solitaire et incompris, les autres élèves le craignent et le prennent pour un monstre. Contraint d'accepter son sort, les jours se succèdent pendant que ses actions sont jugées à tort. C'est là qu'apparaît devant lui Kabuto Yûki, un être dont les yeux sont si beaux et étincelants qu'on dirait des joyaux. Alors que tout le monde prenait Tsubaki pour un tyran, Kabuto a compris qui il était vraiment et a attendri son coeur empli de désespoir. Pourtant, il se trouve que Kabuto n'est plus u",https://www.manga-sanctuary.com/bdd/manga/75696-monster-ghost/,kitsu_id,70503,Monster and Ghost,Monster and Ghost | Monster & Ghost | The Monster & The Ghost | モンスターアンドゴースト,,2022,manga,https://kitsu.app/manga/70503,incomparable,0,ok,,exact_kitsu,0.9,auto_k_unique_annee,same_work,moyenne,"Les titres, les variantes japonaises et l’année 2022 concordent avec le candidat, mais l’auteur HIMEMIKO n’est pas renseigné chez Kitsu."
79120,score_bas,Galaxias,Galaxias,Ao HATESAKA / Ao HATESAKA,2024,"Au royaume de Laniakea, les humains vivent aux côtés de dracoïdes, des êtres dotés d’une queue aux pouvoirs surpuissants. Geo, une jeune habitante d’une île reculée, ne rêve que d’une chose : partir explorer le monde ! Mais son père s’y oppose fermement. Tout bascule lorsqu’elle fait la connaissance de Nereid, un mystérieux mais candide dracoïde amnésique... et qu’un membre du gouvernement débarque afin d’éliminer la jeune fille ! Ces événements vont entraîner le départ de Geo qui, accompagnée du fougueux Nereid, part sur les traces du plus grand aventurier du monde, Yuri Holst, qui pourrait b",https://www.manga-sanctuary.com/bdd/manga/79120-galaxias/,kitsu_id,72508,GALAXIAS,GALAXIAS | ガラクシアス,,2024,manga,https://kitsu.app/manga/72508,incomparable,0,ok,,exact_kitsu,0.9,auto_k_unique_annee,same_work,moyenne,"Le titre exact « Galaxias », la forme japonaise ガラクシアス et l’année 2024 concordent, mais l’absence d’auteur côté Kitsu empêche une confirmation forte."
6522,pont,Zombiepowder,Zombiepowder | Zombie Powder,Tite KUBO / Tite KUBO,1999,"La zombie powder est une poudre permettant de ramener les morts à la vie et de rendre les vivants immortels. On l'obtient en réunissant 12 rings of the dead, les anneaux des morts, objets de la quête de nombreux chasseurs de poudre ou ""powder hunters"". John Elwood Shepherd, 13 ans, vit seul avec Sheryl, sa soeur aînée malade. Mais un gang le force à travailler pour lui en tant que pickpocket. Un jour, il vole le portefeuille d'un homme à l'apparence étrange portant une immense épée et une armure noire sur son bras droit...un powder hunter, le mystérieux Gamma Akutabi. Celui-ci est en réalité u",https://www.manga-sanctuary.com/bdd/manga/6522-zombiepowder/,qid,Q2719287,Zombiepowder.,ZOMBIE POWDER | ZOMBIEPOWDER.,Noriaki Kubo | Taito Kubo | Tite Kubo | 久保宜章 | 久保帯人,1999,Zombiepowder.,https://www.wikidata.org/wiki/Q2719287,concordant,0,ok,,kitsu_bridge,1.0,,same_work,haute,"Le titre, l’année 1999 et surtout l’auteur Tite Kubo concordent avec l’œuvre « Zombiepowder » de Manga Sanctuary."
6531,pont,Iron Wok Jan!,Iron Wok Jan! | 鉄鍋のジャン,Shinji SAIJO / Shinji SAIJO,1995,,https://www.manga-sanctuary.com/bdd/manga/6531-iron-wok-jan/,qid,Q3119601,Iron Wok Jan!,Iron Wok Jan! | Tetsunabe no Jan! | 鉄鍋のジャン! | 鉄鍋のジャン!R頂上作戦,Shinji Saijō | Shinji Saijou | 西原青一 | 西条真二,,Iron Wok Jan,https://www.wikidata.org/wiki/Q3119601,concordant,,ok,,kitsu_bridge,1.0,,same_work,haute,L'auteur Shinji Saijō concorde et le titre japonais 鉄鍋のジャン correspond directement à Iron Wok Jan!.
6793,pont,Un zoo en hiver,Fuyu no Doubutsuen | Un zoo en hiver | 冬の動物園,Jiro TANIGUCHI / Jiro TANIGUCHI,2008,"Kyôto, 1966. Le jeune Hamaguchi, employé d’une société de textile en gros, n’a pas la fibre de la plupart des gens de son âge. Plutôt que de fréquenter les clubs de sport, il préfère assouvir sa passion du dessin en allant croquer sur le vif les animaux du zoo de la ville. Mais même ce dérivatif ne suffit pas à combattre l’ennui qu’il ressent. Dès l’année suivante, sollicité par un ami de lycée, Hamaguchi part pour la capitale, Tôkyô. C’est là, un peu par hasard, que sa route croise celle d’une communauté professionnelle un peu particulière: celle des auteurs de bande dessinée, les mangakas… U",https://www.manga-sanctuary.com/bdd/manga/6793-un-zoo-en-hiver/,qid,Q4660879,Un zoo en hiver,A Zoo in Winter | Fuyu no Dōbutsuen | Un zoo en hiver | 冬の動物園,Jirō Taniguchi | Jiro Tanigushi | Jirou Taniguchi | Taniguchi Jiro | Taniguchi Jirou | 谷口ジロ- | 谷口ジロー | 谷口じろう | 谷口治郎,,A Zoo in Winter,https://www.wikidata.org/wiki/Q4660879,concordant,,ok,,kitsu_bridge,1.0,,same_work,haute,"Le titre japonais et les formes alternatives concordent, surtout avec l’auteur Jirō Taniguchi explicitement identique."
6914,pont,Double Arts,Double Arts,Naoshi KOMI / Naoshi KOMI,2008,"L'humanité est frappée par une terrible maladie mortelle et très contagieuse nommée ""Troi""... Pourtant il semble que certaines personnes soient immunisées et arrivent à résister à la maladie, ce sont les ""sœurs"", des personnes hors normes qui peuvent transmettre la maladie sans en être affectées jusqu'à un certain point. Sœur Elraine est à la recherche de la seule personne totalement immunisée contre Troi, Kiri, le dernier espoir de l'humanité....",https://www.manga-sanctuary.com/bdd/manga/6914-double-arts/,qid,Q3037437,Double Arts,Double Arts | ダブルアーツ,Komi Naoshi | Naoshi Komi | ウィリアムス | 古味直志 | 恋の神様,2008,,https://www.wikidata.org/wiki/Q3037437,concordant,0,ok,,kitsu_bridge,1.0,,same_work,haute,"Le titre, l’auteur Naoshi Komi et l’année de publication 2008 concordent exactement, confirmant qu’il s’agit de la même œuvre."
8295,pont,Ka Shin Fuu,Ka Shin Fuu | 花信風,Makoto TATENO / Makoto TATENO,2006,,https://www.manga-sanctuary.com/bdd/manga/8295-ka-shin-fuu/,qid,Q6343178,Ka Shin Fu,Ka Shin Fu,Makoto Tateno | Tateno Makoto | 立野真琴,,Ka Shin Fu,https://www.wikidata.org/wiki/Q6343178,concordant,,ok,,kitsu_bridge,1.0,,same_work,haute,"L’auteur concordant Makoto Tateno et le titre japonais 花信風, correspondant à la variante de romanisation « Ka Shin Fu », confirment qu’il s’agit de la même œuvre."
8560,pont,V.B.Rose,V.B.Rose | Ｖ・Ｂ・ローズ,Banri HIDAKA / Banri HIDAKA,2004,"Quelque chose de vieux, quelque chose de nouveau, quelque chose de velours, de quelque chose de bleu ... Ageha est bouleversée et a le cœur brisé quand elle apprend que sa sœur ainée est enceinte et va bientôt se marier avec l'homme le plus ennuyeux qu'elle ait jamais connu. Pourtant elle désire offrir à sa sœur la plus belle des robes de mariée. Pour cela elle se rend chez V.B.Rose (Velvet Blue Rose), un magasin branché dirigé par deux beaux garçons Yukari et Mitsuya.",https://www.manga-sanctuary.com/bdd/manga/8560-v-b-rose/,qid,Q4006877,V.B. Rose,V.B. Rose | V・B・ローズ,Banri Hidaka | Hidaka Banri | ひだか ばんり | 日高万里,2004,V.B. Rose,https://www.wikidata.org/wiki/Q4006877,concordant,0,ok,,kitsu_bridge,1.0,,same_work,haute,L'auteur Banri Hidaka concorde et le titre ainsi que l'année 2004 correspondent exactement.
9299,pont,Black Knight Bat,Black Knight Bat | 黒騎士バット,Buichi TERASAWA / Buichi TERASAWA,1986,"Bat Duran est une jeune fille de 17 ans qui retourne dans son monde original, Rainboria. Elle est en effet la nouvelle princesse de ce monde qu’elle va d’abord devoir libérer. Pour cela elle lève le sceau qui emprisonne le Vaisseau Stellaire (Starship), étrange petit monde avec un château. Aidée par la suite par ses 4 amis mousquetaires, Hu Chen, Lone Wolf, Jet the Monkey et Iron Bull, la jeune Bat va vivre une série de petites aventures qui vont pimenter son quotidien.",https://www.manga-sanctuary.com/bdd/manga/9299-black-knight-bat/,qid,Q55522928,Black Knight Bat,Black Knight Bat | BLACK KNIGHT バット | 黒騎士バット,Buichi Terasawa | Takeichi Terasawa | Terasawa Buichi | てらさわ ぶいち | 寺沢武一,1985,,https://www.wikidata.org/wiki/Q55522928,concordant,1,ok,,kitsu_bridge,1.0,,same_work,haute,"Le titre correspond et surtout l’auteur Buichi Terasawa est concordant, tandis que l’écart d’un an est compatible avec les dates de publication selon les référentiels."
10474,pont,Opus,Opus,Satoshi KON / Satoshi KON,2010,"Chikara Nagai est un mangaka qui peine à terminer sa série, Résonance, qui met en scène l’affrontement entre Satoko, une policière dotée de pouvoirs psychiques, et Le Masque, le gourou d’une secte. La veille de la remise des planches à l’imprimeur, alors que Chikara est sur le point d’achever ses dernières pages sur un autre de ses héros, le jeune Rin, son projet prend un tour inattendu lorsqu’il se retrouve aspiré dans son propre manga. Rin a compris que Chikara voulait le tuer, lui et le Masque, et décide de déjouer son destin. Mais son intervention risque de bouleverser le cours des choses.",https://www.manga-sanctuary.com/bdd/manga/10474-opus/,qid,Q17636101,Opus,Opus,Kon Satoshi | Satoshi Kon | 今敏 | 鰐淵良宏,,Opus (manga),https://www.wikidata.org/wiki/Q17636101,concordant,,ok,,kitsu_bridge,1.0,,same_work,haute,"Le titre et surtout l’auteur Satoshi Kon concordent, tandis que le synopsis correspond à son manga Opus malgré l’année française de 2010."
13547,pont,Bungaku Shôjo to Koisuru Poet,Bungaku Shôjo to Koisuru Poet,Chisa NOMURA / Akira HIYOSHIMARU,2010,,https://www.manga-sanctuary.com/bdd/manga/13547-bungaku-shojo-to-koisuru-poet/,qid,Q106570709,Book Girl and the Lovesick Poet,Book Girl and the Lovesick Poet | “文学少女”と恋する詩人,Akira Hiyoshimaru | Akira Kurikoya | 日吉丸晃,2010,,https://www.wikidata.org/wiki/Q106570709,concordant,0,ok,,kitsu_bridge,1.0,,same_work,haute,"Le titre japonais et l’auteur Akira Hiyoshimaru concordent, avec une année de publication identique en 2010."
15542,pont,Nagi no Asukara,Nagi no Asukara | 凪のあすから,Risou MAEDA,2013,"Hikari et Manaka vivent ensemble sous la mer mais suite à la fermeture de leur école sous-marine, ils sont obligés d'aller suivre leurs cours dans une école terrestre...",https://www.manga-sanctuary.com/bdd/manga/15542-nagi-no-asukara/,qid,Q117269444,Nagi no Asukara,Nagi no Asu kara | Nagi no Asukara | 凪のあすから,,2013,,https://www.wikidata.org/wiki/Q117269444,incomparable,0,ok,,kitsu_bridge,1.0,,undecidable,moyenne,"Le titre japonais et l’année 2013 concordent, mais l’auteur inconnu ne permet pas d’écarter avec certitude l’œuvre animée homonyme ou une autre adaptation."
15804,pont,Majokko Vivian,Majokko Vivian | 魔女娘ViVian,Yutaka TAKAHASHI / Yutaka TAKAHASHI,1996,,https://www.manga-sanctuary.com/bdd/manga/15804-majokko-vivian/,qid,Q17222296,Majokko Vivian,Majokko Vivian | 魔女娘ViVian,Takahashi Yutaka | Yutaka Takahashi | 高橋ゆたか,1996,,https://www.wikidata.org/wiki/Q17222296,concordant,0,ok,,kitsu_bridge,1.0,,same_work,haute,"Le titre, les formes japonaises, l’année 1996 et surtout l’auteur Yutaka Takahashi concordent exactement."
42162,pont,Sword art online - Phantom bullet,Sword art online - Phantom bullet | ソードアート・オンライン ファントム・バレット,Reki KAWAHARA / Kohtaro YAMADA,2014,"Un an après les incidents de SAO, Kirito est approché par Seijirou Kikuoka du département “Réalité Virtuelle” du Ministère des Affaires Internes et de la Communication, qui lui demande d’enquêter sur l’incident du “Death Gun” survenu dans le jeu Gun Gale Online (GGO), le nouveau VRMMO basé sur les armes à feu. “Les joueurs attaqués par le mystérieux avatar avec le “Death Gun” perdent la vie même dans le monde réel… “. Après avoir accepté avec réticence la requête de Kikuoka, Kirito se connecte et décide de participer au “ Bullets of the Bullets “, un grand tournoi qui élira le plus grand tireu",https://www.manga-sanctuary.com/bdd/manga/42162-sword-art-online-phantom-bullet/,qid,Q131457130,Sword Art Online: Phantom Bullet,Sword Art Online: GGO | Sword Art Online: Gun Gale Online | Sword Art Online: Phantom Bullet | ソードアート・オンライン ファントム・バレット,Kawahara Reki | Reki Kawahara | 九里史生 | 九里 史生 | 川原礫 | 川原 礫 | 攻打引,,,https://www.wikidata.org/wiki/Q131457130,concordant,,ok,,kitsu_bridge,1.0,,same_work,moyenne,"Le titre japonais et français concorde exactement et Reki Kawahara est un auteur commun, malgré l’absence de Kohtaro Yamada et d’année chez le candidat."
45193,pont,Katsute Mahô Shôjo to Aku wa Tekitai Shite Ita.,Katsute Mahô Shôjo to Aku wa Tekitai Shite Ita. | かつて魔法少女と悪は敵対していた。,Cocoa FUJIWARA / Cocoa FUJIWARA,2013,,https://www.manga-sanctuary.com/bdd/manga/45193-katsute-maho-shojo-to-aku-wa-tekitai-shite-ita/,qid,Q20043668,The Magical Girl and the Evil Lieutenant Used to Be Archenemies,Katsute Mahō Shōjo to Aku wa Tekitai Shiteita. | Katsute Mahou Shoujo to Aku wa Tekitai Shiteita. | The Magical Girl and the Evil Lieutenant Used to Be Archenemies | かつて魔法少女と悪は敵対していた。,Cocoa Fujiwara | Kokoa Fujiwara | 藤原ここあ | 藤原ココア | 藤原みるく,2013,The Magical Girl and the Evil Lieutenant Used to Be Archenemies,https://www.wikidata.org/wiki/Q20043668,concordant,0,ok,,kitsu_bridge,1.0,,same_work,haute,Le titre japonais concorde exactement et l’auteur Cocoa Fujiwara ainsi que l’année 2013 correspondent au candidat.
65984,pont,The Fable - The Second Contact,The Fable - The Second Contact | ザ・ファブル The Second Contact,Katsuhisa MINAMI / Katsuhisa MINAMI,2021,,https://www.manga-sanctuary.com/bdd/manga/65984-the-fable-the-second-contact/,qid,Q116446588,The Fable The second contact,The Fable The second contact | ザ・ファブル The second contact,,,,https://www.wikidata.org/wiki/Q116446588,incomparable,,ok,,kitsu_bridge,1.0,,same_work,haute,"Le titre japonais et le titre romanisé correspondent exactement à la série Manga Sanctuary « The Fable - The Second Contact », sans indice de suite ou d’adaptation distincte."
67845,pont,"Chichi wa Eiyuu, Haha wa Seirei, Musume no Watashi wa Tenseisha.","Chichi wa Eiyuu, Haha wa Seirei, Musume no Watashi wa Tenseisha. | 父は英雄、母は精霊、娘の私は転生者。",MATSUURA / Yutaka OHORI,2018,,https://www.manga-sanctuary.com/bdd/manga/67845-chichi-wa-eiyuu-haha-wa-seirei-musume-no-watashi-wa-tenseisha/,qid,Q124329532,Reincarnated as the Daughter of the Legendary Hero and the Queen of Spirits,"Chichi wa Eiyū, Haha wa Seirei, Musume no Watashi wa Tenseisha | Reincarnated as the Daughter of the Legendary Hero and the Queen of Spirits | 父は英雄、母は精霊、娘の私は転生者。",,2018,,https://www.wikidata.org/wiki/Q124329532,incomparable,0,ok,,kitsu_bridge,1.0,,same_work,haute,"Les titres japonais et romanisé correspondent exactement, avec la même année de publication (2018), ce qui identifie la même œuvre malgré l’absence d’auteur renseigné chez le candidat."
