run_id,metric_name,metric_value,created_at
6e2f572f-66c9-46d1-8aec-7bced65c7820,entity_mrr,0.5,2025-12-29 20:37:28.418146+01
6e2f572f-66c9-46d1-8aec-7bced65c7820,entity_recall@8,0.5833333333333334,2025-12-29 20:37:28.418146+01
6e2f572f-66c9-46d1-8aec-7bced65c7820,mrr,0,2025-12-28 04:30:05.664376+01
6e2f572f-66c9-46d1-8aec-7bced65c7820,recall@50,0.08333333333333333,2025-12-28 04:25:10.766324+01
6e2f572f-66c9-46d1-8aec-7bced65c7820,recall@8,0,2025-12-28 04:30:05.664376+01
bac7e306-583c-4db8-afd5-0d35d3964e08,entity_mrr,0.4930555555555555,2025-12-29 20:37:24.401851+01
bac7e306-583c-4db8-afd5-0d35d3964e08,entity_recall@8,0.8333333333333334,2025-12-29 20:37:24.401851+01
bac7e306-583c-4db8-afd5-0d35d3964e08,mrr,0,2025-12-28 04:30:02.102128+01
bac7e306-583c-4db8-afd5-0d35d3964e08,recall@50,0.25,2025-12-28 04:25:07.064943+01
bac7e306-583c-4db8-afd5-0d35d3964e08,recall@8,0,2025-12-28 04:30:02.102128+01
