query_id,doc_key,relevance
1,ms_hybrid:47493,1
1,ms_review:3746,2
1,ms_review:3747,2
1,ms_review:3748,2
1,ms_review:3749,2
2,ms_hybrid:38583,1
2,ms_hybrid:56022,1
2,ms_review:5214,2
2,ms_review:5215,2
2,ms_review:5216,2
2,ms_review:5217,2
2,ms_review:5720,2
2,ms_review:5721,2
2,ms_review:5722,2
2,ms_review:5723,2
3,kitsu:54447,1
3,ms_review:3714,2
3,ms_review:3717,2
3,ms_review:3718,2
3,ms_review:3720,2
4,ms_hybrid:65145,1
4,ms_review:4939,2
4,ms_review:4940,2
4,ms_review:4941,2
4,ms_review:4942,2
5,ms_hybrid:61153,1
5,ms_review:5267,2
5,ms_review:5268,2
5,ms_review:5269,2
5,ms_review:5270,2
6,ms_hybrid:60035,1
6,ms_review:5051,2
6,ms_review:5052,2
6,ms_review:5053,2
6,ms_review:5054,2
8,ms_hybrid:8806,1
8,ms_review:5930,2
8,ms_review:5931,2
8,ms_review:5932,2
8,ms_review:5933,2
9,kitsu:30196,1
9,ms_review:3327,2
9,ms_review:3328,2
9,ms_review:3329,2
9,ms_review:3330,2
11,ms_hybrid:9219,1
11,ms_review:4924,2
11,ms_review:4925,2
11,ms_review:4926,2
11,ms_review:4927,2
13,ms_hybrid:47493,2
13,ms_review:3746,2
13,ms_review:3747,2
13,ms_review:3748,2
13,ms_review:3749,2
13,ms_review:3750,2
13,ms_review:3751,2
13,ms_review:3752,2
13,ms_review:3753,2
13,ms_review:3754,2
14,ms_hybrid:47560,2
15,kitsu:54447,1
15,ms_review:3714,2
15,ms_review:3717,2
15,ms_review:3718,2
15,ms_review:3720,2
15,ms_review:3721,2
15,ms_review:3722,2
15,ms_review:3723,2
15,ms_review:3724,2
15,ms_review:3725,2
15,ms_review:3726,2
16,ms_hybrid:38583,2
16,ms_review:5214,2
16,ms_review:5215,2
16,ms_review:5216,2
16,ms_review:5217,2
16,ms_review:5218,2
16,ms_review:5219,2
16,ms_review:5220,2
16,ms_review:5221,2
17,ms_hybrid:56022,2
17,ms_review:5720,2
17,ms_review:5721,2
17,ms_review:5722,2
17,ms_review:5723,2
17,ms_review:5724,2
17,ms_review:5728,2
17,ms_review:5729,2
17,ms_review:5730,2
17,ms_review:5731,2
17,ms_review:5732,2
18,ms_hybrid:61153,2
18,ms_review:5267,2
18,ms_review:5268,2
18,ms_review:5269,2
18,ms_review:5270,2
18,ms_review:5271,2
18,ms_review:5273,2
18,ms_review:5274,2
18,ms_review:5275,2
18,ms_review:5276,2
19,ms_hybrid:8806,2
19,ms_review:5930,2
19,ms_review:5931,2
19,ms_review:5932,2
19,ms_review:5933,2
19,ms_review:5934,2
19,ms_review:5935,2
19,ms_review:5936,2
19,ms_review:5937,2
19,ms_review:5938,2
19,ms_review:5939,2
20,ms_hybrid:60035,2
20,ms_review:5051,2
20,ms_review:5052,2
20,ms_review:5053,2
20,ms_review:5054,2
20,ms_review:5055,2
20,ms_review:5056,2
20,ms_review:5057,2
20,ms_review:5058,2
20,ms_review:5059,2
20,ms_review:5060,2
21,ms_hybrid:65145,2
21,ms_review:4939,2
21,ms_review:4940,2
21,ms_review:4941,2
21,ms_review:4942,2
21,ms_review:4943,2
21,ms_review:4944,2
21,ms_review:4945,2
22,ms_review:3327,2
22,ms_review:3328,2
22,ms_review:3329,2
22,ms_review:3330,2
22,ms_review:3331,2
22,ms_review:3332,2
22,ms_review:3333,2
22,ms_review:3334,2
23,ms_hybrid:9219,2
23,ms_review:4924,2
23,ms_review:4925,2
23,ms_review:4926,2
23,ms_review:4927,2
23,ms_review:4928,2
23,ms_review:4929,2
23,ms_review:4930,2
24,ms_hybrid:38583,2
24,ms_review:5214,2
24,ms_review:5215,2
24,ms_review:5216,2
24,ms_review:5217,2
24,ms_review:5218,2
24,ms_review:5219,2
24,ms_review:5220,2
24,ms_review:5221,2
